,state,county,fips,predicted,date,new_cases,residual
0,IL,Adams,17001,10.0,2021-05-28,4.0,-6.0
1,IL,Adams,17001,10.0,2021-05-29,5.0,-5.0
2,IL,Adams,17001,9.0,2021-05-30,5.0,-4.0
3,IL,Adams,17001,10.0,2021-05-31,1.0,-9.0
4,IL,Adams,17001,10.0,2021-06-01,,
5,IL,Adams,17001,8.0,2021-06-02,,
6,IL,Adams,17001,7.0,2021-06-03,,
7,IL,Alexander,17003,0.0,2021-05-28,0.0,0.0
8,IL,Alexander,17003,0.0,2021-05-29,0.0,0.0
9,IL,Alexander,17003,0.0,2021-05-30,0.0,0.0
10,IL,Alexander,17003,0.0,2021-05-31,0.0,0.0
11,IL,Alexander,17003,0.0,2021-06-01,,
12,IL,Alexander,17003,0.0,2021-06-02,,
13,IL,Alexander,17003,0.0,2021-06-03,,
14,IL,Bond,17005,2.0,2021-05-28,1.0,-1.0
15,IL,Bond,17005,3.0,2021-05-29,0.0,-3.0
16,IL,Bond,17005,2.0,2021-05-30,1.0,-1.0
17,IL,Bond,17005,2.0,2021-05-31,0.0,-2.0
18,IL,Bond,17005,2.0,2021-06-01,,
19,IL,Bond,17005,2.0,2021-06-02,,
20,IL,Bond,17005,2.0,2021-06-03,,
21,IL,Boone,17007,6.0,2021-05-28,5.0,-1.0
22,IL,Boone,17007,6.0,2021-05-29,7.0,1.0
23,IL,Boone,17007,6.0,2021-05-30,2.0,-4.0
24,IL,Boone,17007,6.0,2021-05-31,1.0,-5.0
25,IL,Boone,17007,6.0,2021-06-01,,
26,IL,Boone,17007,6.0,2021-06-02,,
27,IL,Boone,17007,7.0,2021-06-03,,
28,IL,Brown,17009,1.0,2021-05-28,0.0,-1.0
29,IL,Brown,17009,1.0,2021-05-29,-1.0,-2.0
30,IL,Brown,17009,1.0,2021-05-30,0.0,-1.0
31,IL,Brown,17009,1.0,2021-05-31,1.0,0.0
32,IL,Brown,17009,1.0,2021-06-01,,
33,IL,Brown,17009,1.0,2021-06-02,,
34,IL,Brown,17009,1.0,2021-06-03,,
35,IL,Bureau,17011,4.0,2021-05-28,6.0,2.0
36,IL,Bureau,17011,4.0,2021-05-29,1.0,-3.0
37,IL,Bureau,17011,4.0,2021-05-30,1.0,-3.0
38,IL,Bureau,17011,4.0,2021-05-31,0.0,-4.0
39,IL,Bureau,17011,4.0,2021-06-01,,
40,IL,Bureau,17011,4.0,2021-06-02,,
41,IL,Bureau,17011,4.0,2021-06-03,,
42,IL,Calhoun,17013,0.0,2021-05-28,-1.0,-1.0
43,IL,Calhoun,17013,0.0,2021-05-29,0.0,0.0
44,IL,Calhoun,17013,0.0,2021-05-30,0.0,0.0
45,IL,Calhoun,17013,0.0,2021-05-31,0.0,0.0
46,IL,Calhoun,17013,0.0,2021-06-01,,
47,IL,Calhoun,17013,0.0,2021-06-02,,
48,IL,Calhoun,17013,0.0,2021-06-03,,
49,IL,Carroll,17015,1.0,2021-05-28,9.0,8.0
50,IL,Carroll,17015,1.0,2021-05-29,0.0,-1.0
51,IL,Carroll,17015,1.0,2021-05-30,0.0,-1.0
52,IL,Carroll,17015,1.0,2021-05-31,0.0,-1.0
53,IL,Carroll,17015,1.0,2021-06-01,,
54,IL,Carroll,17015,1.0,2021-06-02,,
55,IL,Carroll,17015,1.0,2021-06-03,,
56,IL,Cass,17017,1.0,2021-05-28,3.0,2.0
57,IL,Cass,17017,1.0,2021-05-29,8.0,7.0
58,IL,Cass,17017,2.0,2021-05-30,0.0,-2.0
59,IL,Cass,17017,1.0,2021-05-31,0.0,-1.0
60,IL,Cass,17017,2.0,2021-06-01,,
61,IL,Cass,17017,2.0,2021-06-02,,
62,IL,Cass,17017,1.0,2021-06-03,,
63,IL,Champaign,17019,30.0,2021-05-28,6.0,-24.0
64,IL,Champaign,17019,26.0,2021-05-29,28.0,2.0
65,IL,Champaign,17019,28.0,2021-05-30,11.0,-17.0
66,IL,Champaign,17019,28.0,2021-05-31,6.0,-22.0
67,IL,Champaign,17019,27.0,2021-06-01,,
68,IL,Champaign,17019,31.0,2021-06-02,,
69,IL,Champaign,17019,29.0,2021-06-03,,
70,IL,Christian,17021,8.0,2021-05-28,14.0,6.0
71,IL,Christian,17021,8.0,2021-05-29,9.0,1.0
72,IL,Christian,17021,7.0,2021-05-30,2.0,-5.0
73,IL,Christian,17021,7.0,2021-05-31,7.0,0.0
74,IL,Christian,17021,7.0,2021-06-01,,
75,IL,Christian,17021,7.0,2021-06-02,,
76,IL,Christian,17021,8.0,2021-06-03,,
77,IL,Clark,17023,2.0,2021-05-28,0.0,-2.0
78,IL,Clark,17023,2.0,2021-05-29,1.0,-1.0
79,IL,Clark,17023,2.0,2021-05-30,1.0,-1.0
80,IL,Clark,17023,2.0,2021-05-31,1.0,-1.0
81,IL,Clark,17023,2.0,2021-06-01,,
82,IL,Clark,17023,2.0,2021-06-02,,
83,IL,Clark,17023,2.0,2021-06-03,,
84,IL,Clay,17025,1.0,2021-05-28,1.0,0.0
85,IL,Clay,17025,1.0,2021-05-29,1.0,0.0
86,IL,Clay,17025,1.0,2021-05-30,0.0,-1.0
87,IL,Clay,17025,0.0,2021-05-31,0.0,0.0
88,IL,Clay,17025,0.0,2021-06-01,,
89,IL,Clay,17025,0.0,2021-06-02,,
90,IL,Clay,17025,0.0,2021-06-03,,
91,IL,Clinton,17027,2.0,2021-05-28,0.0,-2.0
92,IL,Clinton,17027,2.0,2021-05-29,0.0,-2.0
93,IL,Clinton,17027,2.0,2021-05-30,1.0,-1.0
94,IL,Clinton,17027,2.0,2021-05-31,1.0,-1.0
95,IL,Clinton,17027,2.0,2021-06-01,,
96,IL,Clinton,17027,2.0,2021-06-02,,
97,IL,Clinton,17027,2.0,2021-06-03,,
98,IL,Coles,17029,4.0,2021-05-28,1.0,-3.0
99,IL,Coles,17029,5.0,2021-05-29,6.0,1.0
100,IL,Coles,17029,5.0,2021-05-30,0.0,-5.0
101,IL,Coles,17029,5.0,2021-05-31,2.0,-3.0
102,IL,Coles,17029,4.0,2021-06-01,,
103,IL,Coles,17029,4.0,2021-06-02,,
104,IL,Coles,17029,4.0,2021-06-03,,
105,IL,Cook,17031,513.0,2021-05-28,435.0,-78.0
106,IL,Cook,17031,499.0,2021-05-29,290.0,-209.0
107,IL,Cook,17031,486.0,2021-05-30,283.0,-203.0
108,IL,Cook,17031,502.0,2021-05-31,242.0,-260.0
109,IL,Cook,17031,446.0,2021-06-01,,
110,IL,Cook,17031,482.0,2021-06-02,,
111,IL,Cook,17031,447.0,2021-06-03,,
112,IL,Crawford,17033,1.0,2021-05-28,0.0,-1.0
113,IL,Crawford,17033,1.0,2021-05-29,1.0,0.0
114,IL,Crawford,17033,1.0,2021-05-30,1.0,0.0
115,IL,Crawford,17033,1.0,2021-05-31,2.0,1.0
116,IL,Crawford,17033,1.0,2021-06-01,,
117,IL,Crawford,17033,1.0,2021-06-02,,
118,IL,Crawford,17033,1.0,2021-06-03,,
119,IL,Cumberland,17035,1.0,2021-05-28,0.0,-1.0
120,IL,Cumberland,17035,1.0,2021-05-29,1.0,0.0
121,IL,Cumberland,17035,1.0,2021-05-30,0.0,-1.0
122,IL,Cumberland,17035,1.0,2021-05-31,0.0,-1.0
123,IL,Cumberland,17035,1.0,2021-06-01,,
124,IL,Cumberland,17035,1.0,2021-06-02,,
125,IL,Cumberland,17035,1.0,2021-06-03,,
126,IL,DeKalb,17037,15.0,2021-05-28,13.0,-2.0
127,IL,DeKalb,17037,16.0,2021-05-29,0.0,-16.0
128,IL,DeKalb,17037,16.0,2021-05-30,0.0,-16.0
129,IL,DeKalb,17037,15.0,2021-05-31,0.0,-15.0
130,IL,DeKalb,17037,14.0,2021-06-01,,
131,IL,DeKalb,17037,13.0,2021-06-02,,
132,IL,DeKalb,17037,12.0,2021-06-03,,
133,IL,De Witt,17039,4.0,2021-05-28,1.0,-3.0
134,IL,De Witt,17039,3.0,2021-05-29,2.0,-1.0
135,IL,De Witt,17039,4.0,2021-05-30,2.0,-2.0
136,IL,De Witt,17039,4.0,2021-05-31,2.0,-2.0
137,IL,De Witt,17039,4.0,2021-06-01,,
138,IL,De Witt,17039,3.0,2021-06-02,,
139,IL,De Witt,17039,4.0,2021-06-03,,
140,IL,Douglas,17041,1.0,2021-05-28,0.0,-1.0
141,IL,Douglas,17041,1.0,2021-05-29,2.0,1.0
142,IL,Douglas,17041,1.0,2021-05-30,0.0,-1.0
143,IL,Douglas,17041,1.0,2021-05-31,1.0,0.0
144,IL,Douglas,17041,2.0,2021-06-01,,
145,IL,Douglas,17041,2.0,2021-06-02,,
146,IL,Douglas,17041,2.0,2021-06-03,,
147,IL,DuPage,17043,97.0,2021-05-28,59.0,-38.0
148,IL,DuPage,17043,94.0,2021-05-29,54.0,-40.0
149,IL,DuPage,17043,91.0,2021-05-30,43.0,-48.0
150,IL,DuPage,17043,95.0,2021-05-31,46.0,-49.0
151,IL,DuPage,17043,93.0,2021-06-01,,
152,IL,DuPage,17043,85.0,2021-06-02,,
153,IL,DuPage,17043,81.0,2021-06-03,,
154,IL,Edgar,17045,2.0,2021-05-28,2.0,0.0
155,IL,Edgar,17045,4.0,2021-05-29,2.0,-2.0
156,IL,Edgar,17045,2.0,2021-05-30,2.0,0.0
157,IL,Edgar,17045,3.0,2021-05-31,1.0,-2.0
158,IL,Edgar,17045,2.0,2021-06-01,,
159,IL,Edgar,17045,2.0,2021-06-02,,
160,IL,Edgar,17045,2.0,2021-06-03,,
161,IL,Edwards,17047,1.0,2021-05-28,0.0,-1.0
162,IL,Edwards,17047,1.0,2021-05-29,0.0,-1.0
163,IL,Edwards,17047,1.0,2021-05-30,0.0,-1.0
164,IL,Edwards,17047,1.0,2021-05-31,0.0,-1.0
165,IL,Edwards,17047,1.0,2021-06-01,,
166,IL,Edwards,17047,1.0,2021-06-02,,
167,IL,Edwards,17047,1.0,2021-06-03,,
168,IL,Effingham,17049,2.0,2021-05-28,4.0,2.0
169,IL,Effingham,17049,2.0,2021-05-29,1.0,-1.0
170,IL,Effingham,17049,2.0,2021-05-30,0.0,-2.0
171,IL,Effingham,17049,2.0,2021-05-31,1.0,-1.0
172,IL,Effingham,17049,2.0,2021-06-01,,
173,IL,Effingham,17049,2.0,2021-06-02,,
174,IL,Effingham,17049,2.0,2021-06-03,,
175,IL,Fayette,17051,3.0,2021-05-28,2.0,-1.0
176,IL,Fayette,17051,2.0,2021-05-29,0.0,-2.0
177,IL,Fayette,17051,2.0,2021-05-30,0.0,-2.0
178,IL,Fayette,17051,2.0,2021-05-31,2.0,0.0
179,IL,Fayette,17051,2.0,2021-06-01,,
180,IL,Fayette,17051,2.0,2021-06-02,,
181,IL,Fayette,17051,2.0,2021-06-03,,
182,IL,Ford,17053,3.0,2021-05-28,3.0,0.0
183,IL,Ford,17053,3.0,2021-05-29,4.0,1.0
184,IL,Ford,17053,3.0,2021-05-30,1.0,-2.0
185,IL,Ford,17053,3.0,2021-05-31,3.0,0.0
186,IL,Ford,17053,3.0,2021-06-01,,
187,IL,Ford,17053,3.0,2021-06-02,,
188,IL,Ford,17053,3.0,2021-06-03,,
189,IL,Franklin,17055,4.0,2021-05-28,4.0,0.0
190,IL,Franklin,17055,5.0,2021-05-29,5.0,0.0
191,IL,Franklin,17055,4.0,2021-05-30,2.0,-2.0
192,IL,Franklin,17055,4.0,2021-05-31,2.0,-2.0
193,IL,Franklin,17055,5.0,2021-06-01,,
194,IL,Franklin,17055,6.0,2021-06-02,,
195,IL,Franklin,17055,5.0,2021-06-03,,
196,IL,Fulton,17057,10.0,2021-05-28,5.0,-5.0
197,IL,Fulton,17057,8.0,2021-05-29,1.0,-7.0
198,IL,Fulton,17057,8.0,2021-05-30,5.0,-3.0
199,IL,Fulton,17057,7.0,2021-05-31,3.0,-4.0
200,IL,Fulton,17057,9.0,2021-06-01,,
201,IL,Fulton,17057,7.0,2021-06-02,,
202,IL,Fulton,17057,7.0,2021-06-03,,
203,IL,Gallatin,17059,0.0,2021-05-28,0.0,0.0
204,IL,Gallatin,17059,0.0,2021-05-29,0.0,0.0
205,IL,Gallatin,17059,0.0,2021-05-30,0.0,0.0
206,IL,Gallatin,17059,0.0,2021-05-31,0.0,0.0
207,IL,Gallatin,17059,0.0,2021-06-01,,
208,IL,Gallatin,17059,0.0,2021-06-02,,
209,IL,Gallatin,17059,0.0,2021-06-03,,
210,IL,Greene,17061,1.0,2021-05-28,0.0,-1.0
211,IL,Greene,17061,1.0,2021-05-29,1.0,0.0
212,IL,Greene,17061,1.0,2021-05-30,0.0,-1.0
213,IL,Greene,17061,1.0,2021-05-31,0.0,-1.0
214,IL,Greene,17061,1.0,2021-06-01,,
215,IL,Greene,17061,1.0,2021-06-02,,
216,IL,Greene,17061,1.0,2021-06-03,,
217,IL,Grundy,17063,6.0,2021-05-28,2.0,-4.0
218,IL,Grundy,17063,6.0,2021-05-29,1.0,-5.0
219,IL,Grundy,17063,5.0,2021-05-30,2.0,-3.0
220,IL,Grundy,17063,7.0,2021-05-31,1.0,-6.0
221,IL,Grundy,17063,6.0,2021-06-01,,
222,IL,Grundy,17063,7.0,2021-06-02,,
223,IL,Grundy,17063,6.0,2021-06-03,,
224,IL,Hamilton,17065,0.0,2021-05-28,0.0,0.0
225,IL,Hamilton,17065,1.0,2021-05-29,1.0,0.0
226,IL,Hamilton,17065,1.0,2021-05-30,0.0,-1.0
227,IL,Hamilton,17065,1.0,2021-05-31,0.0,-1.0
228,IL,Hamilton,17065,1.0,2021-06-01,,
229,IL,Hamilton,17065,1.0,2021-06-02,,
230,IL,Hamilton,17065,1.0,2021-06-03,,
231,IL,Hancock,17067,2.0,2021-05-28,2.0,0.0
232,IL,Hancock,17067,1.0,2021-05-29,0.0,-1.0
233,IL,Hancock,17067,1.0,2021-05-30,3.0,2.0
234,IL,Hancock,17067,2.0,2021-05-31,2.0,0.0
235,IL,Hancock,17067,2.0,2021-06-01,,
236,IL,Hancock,17067,1.0,2021-06-02,,
237,IL,Hancock,17067,1.0,2021-06-03,,
238,IL,Hardin,17069,0.0,2021-05-28,0.0,0.0
239,IL,Hardin,17069,0.0,2021-05-29,0.0,0.0
240,IL,Hardin,17069,0.0,2021-05-30,0.0,0.0
241,IL,Hardin,17069,0.0,2021-05-31,0.0,0.0
242,IL,Hardin,17069,0.0,2021-06-01,,
243,IL,Hardin,17069,0.0,2021-06-02,,
244,IL,Hardin,17069,0.0,2021-06-03,,
245,IL,Henderson,17071,0.0,2021-05-28,1.0,1.0
246,IL,Henderson,17071,0.0,2021-05-29,1.0,1.0
247,IL,Henderson,17071,0.0,2021-05-30,0.0,0.0
248,IL,Henderson,17071,0.0,2021-05-31,0.0,0.0
249,IL,Henderson,17071,0.0,2021-06-01,,
250,IL,Henderson,17071,0.0,2021-06-02,,
251,IL,Henderson,17071,0.0,2021-06-03,,
252,IL,Henry,17073,6.0,2021-05-28,3.0,-3.0
253,IL,Henry,17073,5.0,2021-05-29,1.0,-4.0
254,IL,Henry,17073,4.0,2021-05-30,0.0,-4.0
255,IL,Henry,17073,4.0,2021-05-31,5.0,1.0
256,IL,Henry,17073,5.0,2021-06-01,,
257,IL,Henry,17073,6.0,2021-06-02,,
258,IL,Henry,17073,5.0,2021-06-03,,
259,IL,Iroquois,17075,4.0,2021-05-28,5.0,1.0
260,IL,Iroquois,17075,4.0,2021-05-29,6.0,2.0
261,IL,Iroquois,17075,4.0,2021-05-30,1.0,-3.0
262,IL,Iroquois,17075,4.0,2021-05-31,2.0,-2.0
263,IL,Iroquois,17075,4.0,2021-06-01,,
264,IL,Iroquois,17075,4.0,2021-06-02,,
265,IL,Iroquois,17075,5.0,2021-06-03,,
266,IL,Jackson,17077,5.0,2021-05-28,1.0,-4.0
267,IL,Jackson,17077,5.0,2021-05-29,1.0,-4.0
268,IL,Jackson,17077,5.0,2021-05-30,1.0,-4.0
269,IL,Jackson,17077,5.0,2021-05-31,2.0,-3.0
270,IL,Jackson,17077,5.0,2021-06-01,,
271,IL,Jackson,17077,6.0,2021-06-02,,
272,IL,Jackson,17077,5.0,2021-06-03,,
273,IL,Jasper,17079,0.0,2021-05-28,0.0,0.0
274,IL,Jasper,17079,0.0,2021-05-29,0.0,0.0
275,IL,Jasper,17079,0.0,2021-05-30,0.0,0.0
276,IL,Jasper,17079,0.0,2021-05-31,0.0,0.0
277,IL,Jasper,17079,0.0,2021-06-01,,
278,IL,Jasper,17079,1.0,2021-06-02,,
279,IL,Jasper,17079,1.0,2021-06-03,,
280,IL,Jefferson,17081,7.0,2021-05-28,1.0,-6.0
281,IL,Jefferson,17081,7.0,2021-05-29,-1.0,-8.0
282,IL,Jefferson,17081,7.0,2021-05-30,0.0,-7.0
283,IL,Jefferson,17081,9.0,2021-05-31,4.0,-5.0
284,IL,Jefferson,17081,11.0,2021-06-01,,
285,IL,Jefferson,17081,4.0,2021-06-02,,
286,IL,Jefferson,17081,4.0,2021-06-03,,
287,IL,Jersey,17083,1.0,2021-05-28,0.0,-1.0
288,IL,Jersey,17083,2.0,2021-05-29,1.0,-1.0
289,IL,Jersey,17083,2.0,2021-05-30,1.0,-1.0
290,IL,Jersey,17083,2.0,2021-05-31,1.0,-1.0
291,IL,Jersey,17083,2.0,2021-06-01,,
292,IL,Jersey,17083,1.0,2021-06-02,,
293,IL,Jersey,17083,2.0,2021-06-03,,
294,IL,Jo Daviess,17085,2.0,2021-05-28,0.0,-2.0
295,IL,Jo Daviess,17085,2.0,2021-05-29,1.0,-1.0
296,IL,Jo Daviess,17085,2.0,2021-05-30,1.0,-1.0
297,IL,Jo Daviess,17085,2.0,2021-05-31,0.0,-2.0
298,IL,Jo Daviess,17085,2.0,2021-06-01,,
299,IL,Jo Daviess,17085,2.0,2021-06-02,,
300,IL,Jo Daviess,17085,2.0,2021-06-03,,
301,IL,Johnson,17087,2.0,2021-05-28,2.0,0.0
302,IL,Johnson,17087,2.0,2021-05-29,1.0,-1.0
303,IL,Johnson,17087,2.0,2021-05-30,2.0,0.0
304,IL,Johnson,17087,2.0,2021-05-31,0.0,-2.0
305,IL,Johnson,17087,2.0,2021-06-01,,
306,IL,Johnson,17087,2.0,2021-06-02,,
307,IL,Johnson,17087,2.0,2021-06-03,,
308,IL,Kane,17089,66.0,2021-05-28,44.0,-22.0
309,IL,Kane,17089,63.0,2021-05-29,26.0,-37.0
310,IL,Kane,17089,65.0,2021-05-30,18.0,-47.0
311,IL,Kane,17089,63.0,2021-05-31,8.0,-55.0
312,IL,Kane,17089,62.0,2021-06-01,,
313,IL,Kane,17089,62.0,2021-06-02,,
314,IL,Kane,17089,57.0,2021-06-03,,
315,IL,Kankakee,17091,18.0,2021-05-28,21.0,3.0
316,IL,Kankakee,17091,17.0,2021-05-29,11.0,-6.0
317,IL,Kankakee,17091,17.0,2021-05-30,9.0,-8.0
318,IL,Kankakee,17091,17.0,2021-05-31,4.0,-13.0
319,IL,Kankakee,17091,18.0,2021-06-01,,
320,IL,Kankakee,17091,17.0,2021-06-02,,
321,IL,Kankakee,17091,17.0,2021-06-03,,
322,IL,Kendall,17093,23.0,2021-05-28,0.0,-23.0
323,IL,Kendall,17093,23.0,2021-05-29,0.0,-23.0
324,IL,Kendall,17093,23.0,2021-05-30,0.0,-23.0
325,IL,Kendall,17093,23.0,2021-05-31,0.0,-23.0
326,IL,Kendall,17093,23.0,2021-06-01,,
327,IL,Kendall,17093,22.0,2021-06-02,,
328,IL,Kendall,17093,14.0,2021-06-03,,
329,IL,Knox,17095,4.0,2021-05-28,4.0,0.0
330,IL,Knox,17095,4.0,2021-05-29,2.0,-2.0
331,IL,Knox,17095,4.0,2021-05-30,2.0,-2.0
332,IL,Knox,17095,4.0,2021-05-31,0.0,-4.0
333,IL,Knox,17095,4.0,2021-06-01,,
334,IL,Knox,17095,5.0,2021-06-02,,
335,IL,Knox,17095,4.0,2021-06-03,,
336,IL,Lake,17097,75.0,2021-05-28,48.0,-27.0
337,IL,Lake,17097,73.0,2021-05-29,33.0,-40.0
338,IL,Lake,17097,69.0,2021-05-30,24.0,-45.0
339,IL,Lake,17097,68.0,2021-05-31,25.0,-43.0
340,IL,Lake,17097,69.0,2021-06-01,,
341,IL,Lake,17097,68.0,2021-06-02,,
342,IL,Lake,17097,62.0,2021-06-03,,
343,IL,LaSalle,17099,14.0,2021-05-28,8.0,-6.0
344,IL,LaSalle,17099,14.0,2021-05-29,4.0,-10.0
345,IL,LaSalle,17099,15.0,2021-05-30,2.0,-13.0
346,IL,LaSalle,17099,14.0,2021-05-31,2.0,-12.0
347,IL,LaSalle,17099,14.0,2021-06-01,,
348,IL,LaSalle,17099,14.0,2021-06-02,,
349,IL,LaSalle,17099,11.0,2021-06-03,,
350,IL,Lawrence,17101,0.0,2021-05-28,2.0,2.0
351,IL,Lawrence,17101,1.0,2021-05-29,-1.0,-2.0
352,IL,Lawrence,17101,1.0,2021-05-30,0.0,-1.0
353,IL,Lawrence,17101,1.0,2021-05-31,0.0,-1.0
354,IL,Lawrence,17101,1.0,2021-06-01,,
355,IL,Lawrence,17101,1.0,2021-06-02,,
356,IL,Lawrence,17101,1.0,2021-06-03,,
357,IL,Lee,17103,3.0,2021-05-28,4.0,1.0
358,IL,Lee,17103,3.0,2021-05-29,0.0,-3.0
359,IL,Lee,17103,3.0,2021-05-30,0.0,-3.0
360,IL,Lee,17103,3.0,2021-05-31,1.0,-2.0
361,IL,Lee,17103,3.0,2021-06-01,,
362,IL,Lee,17103,3.0,2021-06-02,,
363,IL,Lee,17103,3.0,2021-06-03,,
364,IL,Livingston,17105,3.0,2021-05-28,3.0,0.0
365,IL,Livingston,17105,3.0,2021-05-29,4.0,1.0
366,IL,Livingston,17105,4.0,2021-05-30,2.0,-2.0
367,IL,Livingston,17105,4.0,2021-05-31,2.0,-2.0
368,IL,Livingston,17105,3.0,2021-06-01,,
369,IL,Livingston,17105,4.0,2021-06-02,,
370,IL,Livingston,17105,4.0,2021-06-03,,
371,IL,Logan,17107,4.0,2021-05-28,4.0,0.0
372,IL,Logan,17107,4.0,2021-05-29,5.0,1.0
373,IL,Logan,17107,4.0,2021-05-30,3.0,-1.0
374,IL,Logan,17107,5.0,2021-05-31,2.0,-3.0
375,IL,Logan,17107,5.0,2021-06-01,,
376,IL,Logan,17107,6.0,2021-06-02,,
377,IL,Logan,17107,5.0,2021-06-03,,
378,IL,McDonough,17109,3.0,2021-05-28,2.0,-1.0
379,IL,McDonough,17109,3.0,2021-05-29,1.0,-2.0
380,IL,McDonough,17109,3.0,2021-05-30,2.0,-1.0
381,IL,McDonough,17109,3.0,2021-05-31,0.0,-3.0
382,IL,McDonough,17109,3.0,2021-06-01,,
383,IL,McDonough,17109,4.0,2021-06-02,,
384,IL,McDonough,17109,4.0,2021-06-03,,
385,IL,McHenry,17111,32.0,2021-05-28,20.0,-12.0
386,IL,McHenry,17111,30.0,2021-05-29,13.0,-17.0
387,IL,McHenry,17111,29.0,2021-05-30,19.0,-10.0
388,IL,McHenry,17111,31.0,2021-05-31,22.0,-9.0
389,IL,McHenry,17111,29.0,2021-06-01,,
390,IL,McHenry,17111,30.0,2021-06-02,,
391,IL,McHenry,17111,29.0,2021-06-03,,
392,IL,McLean,17113,24.0,2021-05-28,5.0,-19.0
393,IL,McLean,17113,26.0,2021-05-29,18.0,-8.0
394,IL,McLean,17113,20.0,2021-05-30,3.0,-17.0
395,IL,McLean,17113,20.0,2021-05-31,5.0,-15.0
396,IL,McLean,17113,24.0,2021-06-01,,
397,IL,McLean,17113,18.0,2021-06-02,,
398,IL,McLean,17113,17.0,2021-06-03,,
399,IL,Macon,17115,13.0,2021-05-28,12.0,-1.0
400,IL,Macon,17115,11.0,2021-05-29,9.0,-2.0
401,IL,Macon,17115,12.0,2021-05-30,3.0,-9.0
402,IL,Macon,17115,12.0,2021-05-31,-2.0,-14.0
403,IL,Macon,17115,15.0,2021-06-01,,
404,IL,Macon,17115,14.0,2021-06-02,,
405,IL,Macon,17115,11.0,2021-06-03,,
406,IL,Macoupin,17117,5.0,2021-05-28,2.0,-3.0
407,IL,Macoupin,17117,5.0,2021-05-29,1.0,-4.0
408,IL,Macoupin,17117,5.0,2021-05-30,3.0,-2.0
409,IL,Macoupin,17117,5.0,2021-05-31,0.0,-5.0
410,IL,Macoupin,17117,5.0,2021-06-01,,
411,IL,Macoupin,17117,4.0,2021-06-02,,
412,IL,Macoupin,17117,5.0,2021-06-03,,
413,IL,Madison,17119,22.0,2021-05-28,16.0,-6.0
414,IL,Madison,17119,20.0,2021-05-29,17.0,-3.0
415,IL,Madison,17119,20.0,2021-05-30,7.0,-13.0
416,IL,Madison,17119,18.0,2021-05-31,8.0,-10.0
417,IL,Madison,17119,18.0,2021-06-01,,
418,IL,Madison,17119,16.0,2021-06-02,,
419,IL,Madison,17119,16.0,2021-06-03,,
420,IL,Marion,17121,3.0,2021-05-28,1.0,-2.0
421,IL,Marion,17121,3.0,2021-05-29,2.0,-1.0
422,IL,Marion,17121,3.0,2021-05-30,0.0,-3.0
423,IL,Marion,17121,3.0,2021-05-31,1.0,-2.0
424,IL,Marion,17121,3.0,2021-06-01,,
425,IL,Marion,17121,4.0,2021-06-02,,
426,IL,Marion,17121,4.0,2021-06-03,,
427,IL,Marshall,17123,1.0,2021-05-28,0.0,-1.0
428,IL,Marshall,17123,2.0,2021-05-29,0.0,-2.0
429,IL,Marshall,17123,1.0,2021-05-30,0.0,-1.0
430,IL,Marshall,17123,1.0,2021-05-31,0.0,-1.0
431,IL,Marshall,17123,1.0,2021-06-01,,
432,IL,Marshall,17123,1.0,2021-06-02,,
433,IL,Marshall,17123,1.0,2021-06-03,,
434,IL,Mason,17125,2.0,2021-05-28,3.0,1.0
435,IL,Mason,17125,2.0,2021-05-29,2.0,0.0
436,IL,Mason,17125,1.0,2021-05-30,0.0,-1.0
437,IL,Mason,17125,1.0,2021-05-31,0.0,-1.0
438,IL,Mason,17125,2.0,2021-06-01,,
439,IL,Mason,17125,2.0,2021-06-02,,
440,IL,Mason,17125,2.0,2021-06-03,,
441,IL,Massac,17127,1.0,2021-05-28,2.0,1.0
442,IL,Massac,17127,1.0,2021-05-29,1.0,0.0
443,IL,Massac,17127,1.0,2021-05-30,0.0,-1.0
444,IL,Massac,17127,1.0,2021-05-31,0.0,-1.0
445,IL,Massac,17127,1.0,2021-06-01,,
446,IL,Massac,17127,1.0,2021-06-02,,
447,IL,Massac,17127,1.0,2021-06-03,,
448,IL,Menard,17129,1.0,2021-05-28,0.0,-1.0
449,IL,Menard,17129,0.0,2021-05-29,1.0,1.0
450,IL,Menard,17129,1.0,2021-05-30,2.0,1.0
451,IL,Menard,17129,1.0,2021-05-31,0.0,-1.0
452,IL,Menard,17129,1.0,2021-06-01,,
453,IL,Menard,17129,1.0,2021-06-02,,
454,IL,Menard,17129,1.0,2021-06-03,,
455,IL,Mercer,17131,1.0,2021-05-28,1.0,0.0
456,IL,Mercer,17131,1.0,2021-05-29,0.0,-1.0
457,IL,Mercer,17131,1.0,2021-05-30,0.0,-1.0
458,IL,Mercer,17131,1.0,2021-05-31,0.0,-1.0
459,IL,Mercer,17131,1.0,2021-06-01,,
460,IL,Mercer,17131,2.0,2021-06-02,,
461,IL,Mercer,17131,2.0,2021-06-03,,
462,IL,Monroe,17133,1.0,2021-05-28,2.0,1.0
463,IL,Monroe,17133,1.0,2021-05-29,2.0,1.0
464,IL,Monroe,17133,1.0,2021-05-30,1.0,0.0
465,IL,Monroe,17133,1.0,2021-05-31,0.0,-1.0
466,IL,Monroe,17133,1.0,2021-06-01,,
467,IL,Monroe,17133,2.0,2021-06-02,,
468,IL,Monroe,17133,2.0,2021-06-03,,
469,IL,Montgomery,17135,3.0,2021-05-28,1.0,-2.0
470,IL,Montgomery,17135,3.0,2021-05-29,3.0,0.0
471,IL,Montgomery,17135,4.0,2021-05-30,0.0,-4.0
472,IL,Montgomery,17135,3.0,2021-05-31,2.0,-1.0
473,IL,Montgomery,17135,3.0,2021-06-01,,
474,IL,Montgomery,17135,3.0,2021-06-02,,
475,IL,Montgomery,17135,3.0,2021-06-03,,
476,IL,Morgan,17137,4.0,2021-05-28,5.0,1.0
477,IL,Morgan,17137,4.0,2021-05-29,0.0,-4.0
478,IL,Morgan,17137,4.0,2021-05-30,0.0,-4.0
479,IL,Morgan,17137,4.0,2021-05-31,0.0,-4.0
480,IL,Morgan,17137,3.0,2021-06-01,,
481,IL,Morgan,17137,4.0,2021-06-02,,
482,IL,Morgan,17137,4.0,2021-06-03,,
483,IL,Moultrie,17139,1.0,2021-05-28,1.0,0.0
484,IL,Moultrie,17139,1.0,2021-05-29,1.0,0.0
485,IL,Moultrie,17139,1.0,2021-05-30,0.0,-1.0
486,IL,Moultrie,17139,1.0,2021-05-31,1.0,0.0
487,IL,Moultrie,17139,1.0,2021-06-01,,
488,IL,Moultrie,17139,1.0,2021-06-02,,
489,IL,Moultrie,17139,1.0,2021-06-03,,
490,IL,Ogle,17141,6.0,2021-05-28,2.0,-4.0
491,IL,Ogle,17141,6.0,2021-05-29,2.0,-4.0
492,IL,Ogle,17141,6.0,2021-05-30,4.0,-2.0
493,IL,Ogle,17141,6.0,2021-05-31,0.0,-6.0
494,IL,Ogle,17141,7.0,2021-06-01,,
495,IL,Ogle,17141,6.0,2021-06-02,,
496,IL,Ogle,17141,6.0,2021-06-03,,
497,IL,Peoria,17143,22.0,2021-05-28,13.0,-9.0
498,IL,Peoria,17143,23.0,2021-05-29,0.0,-23.0
499,IL,Peoria,17143,23.0,2021-05-30,0.0,-23.0
500,IL,Peoria,17143,25.0,2021-05-31,0.0,-25.0
501,IL,Peoria,17143,23.0,2021-06-01,,
502,IL,Peoria,17143,23.0,2021-06-02,,
503,IL,Peoria,17143,23.0,2021-06-03,,
504,IL,Perry,17145,2.0,2021-05-28,2.0,0.0
505,IL,Perry,17145,2.0,2021-05-29,2.0,0.0
506,IL,Perry,17145,2.0,2021-05-30,0.0,-2.0
507,IL,Perry,17145,2.0,2021-05-31,-1.0,-3.0
508,IL,Perry,17145,2.0,2021-06-01,,
509,IL,Perry,17145,2.0,2021-06-02,,
510,IL,Perry,17145,2.0,2021-06-03,,
511,IL,Piatt,17147,2.0,2021-05-28,1.0,-1.0
512,IL,Piatt,17147,2.0,2021-05-29,1.0,-1.0
513,IL,Piatt,17147,2.0,2021-05-30,0.0,-2.0
514,IL,Piatt,17147,2.0,2021-05-31,0.0,-2.0
515,IL,Piatt,17147,2.0,2021-06-01,,
516,IL,Piatt,17147,2.0,2021-06-02,,
517,IL,Piatt,17147,2.0,2021-06-03,,
518,IL,Pike,17149,1.0,2021-05-28,0.0,-1.0
519,IL,Pike,17149,1.0,2021-05-29,0.0,-1.0
520,IL,Pike,17149,1.0,2021-05-30,1.0,0.0
521,IL,Pike,17149,1.0,2021-05-31,0.0,-1.0
522,IL,Pike,17149,1.0,2021-06-01,,
523,IL,Pike,17149,1.0,2021-06-02,,
524,IL,Pike,17149,1.0,2021-06-03,,
525,IL,Pope,17151,1.0,2021-05-28,0.0,-1.0
526,IL,Pope,17151,0.0,2021-05-29,0.0,0.0
527,IL,Pope,17151,1.0,2021-05-30,0.0,-1.0
528,IL,Pope,17151,1.0,2021-05-31,0.0,-1.0
529,IL,Pope,17151,0.0,2021-06-01,,
530,IL,Pope,17151,0.0,2021-06-02,,
531,IL,Pope,17151,0.0,2021-06-03,,
532,IL,Pulaski,17153,1.0,2021-05-28,0.0,-1.0
533,IL,Pulaski,17153,0.0,2021-05-29,0.0,0.0
534,IL,Pulaski,17153,1.0,2021-05-30,0.0,-1.0
535,IL,Pulaski,17153,1.0,2021-05-31,0.0,-1.0
536,IL,Pulaski,17153,0.0,2021-06-01,,
537,IL,Pulaski,17153,0.0,2021-06-02,,
538,IL,Pulaski,17153,0.0,2021-06-03,,
539,IL,Putnam,17155,0.0,2021-05-28,0.0,0.0
540,IL,Putnam,17155,0.0,2021-05-29,0.0,0.0
541,IL,Putnam,17155,0.0,2021-05-30,0.0,0.0
542,IL,Putnam,17155,0.0,2021-05-31,0.0,0.0
543,IL,Putnam,17155,1.0,2021-06-01,,
544,IL,Putnam,17155,1.0,2021-06-02,,
545,IL,Putnam,17155,0.0,2021-06-03,,
546,IL,Randolph,17157,2.0,2021-05-28,2.0,0.0
547,IL,Randolph,17157,2.0,2021-05-29,0.0,-2.0
548,IL,Randolph,17157,2.0,2021-05-30,0.0,-2.0
549,IL,Randolph,17157,2.0,2021-05-31,0.0,-2.0
550,IL,Randolph,17157,2.0,2021-06-01,,
551,IL,Randolph,17157,2.0,2021-06-02,,
552,IL,Randolph,17157,2.0,2021-06-03,,
553,IL,Richland,17159,2.0,2021-05-28,0.0,-2.0
554,IL,Richland,17159,2.0,2021-05-29,0.0,-2.0
555,IL,Richland,17159,1.0,2021-05-30,1.0,0.0
556,IL,Richland,17159,1.0,2021-05-31,1.0,0.0
557,IL,Richland,17159,1.0,2021-06-01,,
558,IL,Richland,17159,1.0,2021-06-02,,
559,IL,Richland,17159,1.0,2021-06-03,,
560,IL,Rock Island,17161,23.0,2021-05-28,12.0,-11.0
561,IL,Rock Island,17161,19.0,2021-05-29,1.0,-18.0
562,IL,Rock Island,17161,19.0,2021-05-30,8.0,-11.0
563,IL,Rock Island,17161,19.0,2021-05-31,4.0,-15.0
564,IL,Rock Island,17161,19.0,2021-06-01,,
565,IL,Rock Island,17161,17.0,2021-06-02,,
566,IL,Rock Island,17161,16.0,2021-06-03,,
567,IL,St. Clair,17163,24.0,2021-05-28,11.0,-13.0
568,IL,St. Clair,17163,22.0,2021-05-29,26.0,4.0
569,IL,St. Clair,17163,21.0,2021-05-30,16.0,-5.0
570,IL,St. Clair,17163,20.0,2021-05-31,16.0,-4.0
571,IL,St. Clair,17163,21.0,2021-06-01,,
572,IL,St. Clair,17163,22.0,2021-06-02,,
573,IL,St. Clair,17163,20.0,2021-06-03,,
574,IL,Saline,17165,2.0,2021-05-28,1.0,-1.0
575,IL,Saline,17165,2.0,2021-05-29,1.0,-1.0
576,IL,Saline,17165,2.0,2021-05-30,1.0,-1.0
577,IL,Saline,17165,2.0,2021-05-31,1.0,-1.0
578,IL,Saline,17165,2.0,2021-06-01,,
579,IL,Saline,17165,2.0,2021-06-02,,
580,IL,Saline,17165,2.0,2021-06-03,,
581,IL,Sangamon,17167,20.0,2021-05-28,11.0,-9.0
582,IL,Sangamon,17167,20.0,2021-05-29,12.0,-8.0
583,IL,Sangamon,17167,19.0,2021-05-30,6.0,-13.0
584,IL,Sangamon,17167,19.0,2021-05-31,3.0,-16.0
585,IL,Sangamon,17167,18.0,2021-06-01,,
586,IL,Sangamon,17167,17.0,2021-06-02,,
587,IL,Sangamon,17167,16.0,2021-06-03,,
588,IL,Schuyler,17169,2.0,2021-05-28,1.0,-1.0
589,IL,Schuyler,17169,2.0,2021-05-29,0.0,-2.0
590,IL,Schuyler,17169,2.0,2021-05-30,1.0,-1.0
591,IL,Schuyler,17169,2.0,2021-05-31,0.0,-2.0
592,IL,Schuyler,17169,2.0,2021-06-01,,
593,IL,Schuyler,17169,1.0,2021-06-02,,
594,IL,Schuyler,17169,1.0,2021-06-03,,
595,IL,Scott,17171,0.0,2021-05-28,0.0,0.0
596,IL,Scott,17171,1.0,2021-05-29,1.0,0.0
597,IL,Scott,17171,1.0,2021-05-30,0.0,-1.0
598,IL,Scott,17171,0.0,2021-05-31,0.0,0.0
599,IL,Scott,17171,1.0,2021-06-01,,
600,IL,Scott,17171,0.0,2021-06-02,,
601,IL,Scott,17171,0.0,2021-06-03,,
602,IL,Shelby,17173,1.0,2021-05-28,1.0,0.0
603,IL,Shelby,17173,1.0,2021-05-29,1.0,0.0
604,IL,Shelby,17173,2.0,2021-05-30,2.0,0.0
605,IL,Shelby,17173,1.0,2021-05-31,1.0,0.0
606,IL,Shelby,17173,1.0,2021-06-01,,
607,IL,Shelby,17173,1.0,2021-06-02,,
608,IL,Shelby,17173,1.0,2021-06-03,,
609,IL,Stark,17175,0.0,2021-05-28,0.0,0.0
610,IL,Stark,17175,0.0,2021-05-29,1.0,1.0
611,IL,Stark,17175,1.0,2021-05-30,0.0,-1.0
612,IL,Stark,17175,0.0,2021-05-31,0.0,0.0
613,IL,Stark,17175,1.0,2021-06-01,,
614,IL,Stark,17175,1.0,2021-06-02,,
615,IL,Stark,17175,1.0,2021-06-03,,
616,IL,Stephenson,17177,6.0,2021-05-28,2.0,-4.0
617,IL,Stephenson,17177,6.0,2021-05-29,2.0,-4.0
618,IL,Stephenson,17177,5.0,2021-05-30,1.0,-4.0
619,IL,Stephenson,17177,5.0,2021-05-31,2.0,-3.0
620,IL,Stephenson,17177,5.0,2021-06-01,,
621,IL,Stephenson,17177,5.0,2021-06-02,,
622,IL,Stephenson,17177,4.0,2021-06-03,,
623,IL,Tazewell,17179,18.0,2021-05-28,9.0,-9.0
624,IL,Tazewell,17179,16.0,2021-05-29,12.0,-4.0
625,IL,Tazewell,17179,15.0,2021-05-30,2.0,-13.0
626,IL,Tazewell,17179,16.0,2021-05-31,-1.0,-17.0
627,IL,Tazewell,17179,14.0,2021-06-01,,
628,IL,Tazewell,17179,15.0,2021-06-02,,
629,IL,Tazewell,17179,14.0,2021-06-03,,
630,IL,Union,17181,1.0,2021-05-28,1.0,0.0
631,IL,Union,17181,1.0,2021-05-29,1.0,0.0
632,IL,Union,17181,1.0,2021-05-30,0.0,-1.0
633,IL,Union,17181,1.0,2021-05-31,0.0,-1.0
634,IL,Union,17181,1.0,2021-06-01,,
635,IL,Union,17181,1.0,2021-06-02,,
636,IL,Union,17181,1.0,2021-06-03,,
637,IL,Vermilion,17183,18.0,2021-05-28,4.0,-14.0
638,IL,Vermilion,17183,17.0,2021-05-29,11.0,-6.0
639,IL,Vermilion,17183,18.0,2021-05-30,7.0,-11.0
640,IL,Vermilion,17183,18.0,2021-05-31,6.0,-12.0
641,IL,Vermilion,17183,17.0,2021-06-01,,
642,IL,Vermilion,17183,16.0,2021-06-02,,
643,IL,Vermilion,17183,15.0,2021-06-03,,
644,IL,Wabash,17185,0.0,2021-05-28,0.0,0.0
645,IL,Wabash,17185,1.0,2021-05-29,0.0,-1.0
646,IL,Wabash,17185,0.0,2021-05-30,0.0,0.0
647,IL,Wabash,17185,0.0,2021-05-31,0.0,0.0
648,IL,Wabash,17185,0.0,2021-06-01,,
649,IL,Wabash,17185,0.0,2021-06-02,,
650,IL,Wabash,17185,0.0,2021-06-03,,
651,IL,Warren,17187,2.0,2021-05-28,1.0,-1.0
652,IL,Warren,17187,2.0,2021-05-29,4.0,2.0
653,IL,Warren,17187,2.0,2021-05-30,0.0,-2.0
654,IL,Warren,17187,1.0,2021-05-31,1.0,0.0
655,IL,Warren,17187,2.0,2021-06-01,,
656,IL,Warren,17187,2.0,2021-06-02,,
657,IL,Warren,17187,2.0,2021-06-03,,
658,IL,Washington,17189,1.0,2021-05-28,0.0,-1.0
659,IL,Washington,17189,1.0,2021-05-29,-1.0,-2.0
660,IL,Washington,17189,1.0,2021-05-30,0.0,-1.0
661,IL,Washington,17189,1.0,2021-05-31,0.0,-1.0
662,IL,Washington,17189,1.0,2021-06-01,,
663,IL,Washington,17189,1.0,2021-06-02,,
664,IL,Washington,17189,1.0,2021-06-03,,
665,IL,Wayne,17191,2.0,2021-05-28,0.0,-2.0
666,IL,Wayne,17191,2.0,2021-05-29,0.0,-2.0
667,IL,Wayne,17191,2.0,2021-05-30,0.0,-2.0
668,IL,Wayne,17191,2.0,2021-05-31,0.0,-2.0
669,IL,Wayne,17191,2.0,2021-06-01,,
670,IL,Wayne,17191,2.0,2021-06-02,,
671,IL,Wayne,17191,1.0,2021-06-03,,
672,IL,White,17193,1.0,2021-05-28,-1.0,-2.0
673,IL,White,17193,1.0,2021-05-29,0.0,-1.0
674,IL,White,17193,1.0,2021-05-30,0.0,-1.0
675,IL,White,17193,1.0,2021-05-31,1.0,0.0
676,IL,White,17193,1.0,2021-06-01,,
677,IL,White,17193,1.0,2021-06-02,,
678,IL,White,17193,1.0,2021-06-03,,
679,IL,Whiteside,17195,5.0,2021-05-28,3.0,-2.0
680,IL,Whiteside,17195,5.0,2021-05-29,0.0,-5.0
681,IL,Whiteside,17195,5.0,2021-05-30,0.0,-5.0
682,IL,Whiteside,17195,5.0,2021-05-31,0.0,-5.0
683,IL,Whiteside,17195,5.0,2021-06-01,,
684,IL,Whiteside,17195,5.0,2021-06-02,,
685,IL,Whiteside,17195,5.0,2021-06-03,,
686,IL,Will,17197,86.0,2021-05-28,56.0,-30.0
687,IL,Will,17197,86.0,2021-05-29,34.0,-52.0
688,IL,Will,17197,85.0,2021-05-30,31.0,-54.0
689,IL,Will,17197,88.0,2021-05-31,42.0,-46.0
690,IL,Will,17197,84.0,2021-06-01,,
691,IL,Will,17197,79.0,2021-06-02,,
692,IL,Will,17197,78.0,2021-06-03,,
693,IL,Williamson,17199,6.0,2021-05-28,6.0,0.0
694,IL,Williamson,17199,7.0,2021-05-29,9.0,2.0
695,IL,Williamson,17199,6.0,2021-05-30,6.0,0.0
696,IL,Williamson,17199,6.0,2021-05-31,3.0,-3.0
697,IL,Williamson,17199,6.0,2021-06-01,,
698,IL,Williamson,17199,6.0,2021-06-02,,
699,IL,Williamson,17199,8.0,2021-06-03,,
700,IL,Winnebago,17201,39.0,2021-05-28,41.0,2.0
701,IL,Winnebago,17201,35.0,2021-05-29,50.0,15.0
702,IL,Winnebago,17201,37.0,2021-05-30,23.0,-14.0
703,IL,Winnebago,17201,33.0,2021-05-31,17.0,-16.0
704,IL,Winnebago,17201,31.0,2021-06-01,,
705,IL,Winnebago,17201,33.0,2021-06-02,,
706,IL,Winnebago,17201,34.0,2021-06-03,,
707,IL,Woodford,17203,6.0,2021-05-28,0.0,-6.0
708,IL,Woodford,17203,6.0,2021-05-29,0.0,-6.0
709,IL,Woodford,17203,6.0,2021-05-30,0.0,-6.0
710,IL,Woodford,17203,4.0,2021-05-31,0.0,-4.0
711,IL,Woodford,17203,6.0,2021-06-01,,
712,IL,Woodford,17203,5.0,2021-06-02,,
713,IL,Woodford,17203,5.0,2021-06-03,,
714,MO,Adair,29001,2.0,2021-05-28,0.0,-2.0
715,MO,Adair,29001,2.0,2021-05-29,0.0,-2.0
716,MO,Adair,29001,2.0,2021-05-30,0.0,-2.0
717,MO,Adair,29001,2.0,2021-05-31,0.0,-2.0
718,MO,Adair,29001,1.0,2021-06-01,,
719,MO,Adair,29001,1.0,2021-06-02,,
720,MO,Adair,29001,2.0,2021-06-03,,
721,MO,Andrew,29003,1.0,2021-05-28,0.0,-1.0
722,MO,Andrew,29003,1.0,2021-05-29,1.0,0.0
723,MO,Andrew,29003,1.0,2021-05-30,0.0,-1.0
724,MO,Andrew,29003,1.0,2021-05-31,0.0,-1.0
725,MO,Andrew,29003,1.0,2021-06-01,,
726,MO,Andrew,29003,1.0,2021-06-02,,
727,MO,Andrew,29003,1.0,2021-06-03,,
728,MO,Atchison,29005,0.0,2021-05-28,0.0,0.0
729,MO,Atchison,29005,0.0,2021-05-29,0.0,0.0
730,MO,Atchison,29005,0.0,2021-05-30,0.0,0.0
731,MO,Atchison,29005,0.0,2021-05-31,0.0,0.0
732,MO,Atchison,29005,0.0,2021-06-01,,
733,MO,Atchison,29005,0.0,2021-06-02,,
734,MO,Atchison,29005,0.0,2021-06-03,,
735,MO,Audrain,29007,1.0,2021-05-28,1.0,0.0
736,MO,Audrain,29007,1.0,2021-05-29,0.0,-1.0
737,MO,Audrain,29007,1.0,2021-05-30,0.0,-1.0
738,MO,Audrain,29007,1.0,2021-05-31,0.0,-1.0
739,MO,Audrain,29007,1.0,2021-06-01,,
740,MO,Audrain,29007,1.0,2021-06-02,,
741,MO,Audrain,29007,1.0,2021-06-03,,
742,MO,Barry,29009,1.0,2021-05-28,6.0,5.0
743,MO,Barry,29009,1.0,2021-05-29,2.0,1.0
744,MO,Barry,29009,1.0,2021-05-30,1.0,0.0
745,MO,Barry,29009,1.0,2021-05-31,2.0,1.0
746,MO,Barry,29009,1.0,2021-06-01,,
747,MO,Barry,29009,1.0,2021-06-02,,
748,MO,Barry,29009,1.0,2021-06-03,,
749,MO,Barton,29011,1.0,2021-05-28,0.0,-1.0
750,MO,Barton,29011,1.0,2021-05-29,0.0,-1.0
751,MO,Barton,29011,1.0,2021-05-30,1.0,0.0
752,MO,Barton,29011,1.0,2021-05-31,0.0,-1.0
753,MO,Barton,29011,1.0,2021-06-01,,
754,MO,Barton,29011,1.0,2021-06-02,,
755,MO,Barton,29011,1.0,2021-06-03,,
756,MO,Bates,29013,0.0,2021-05-28,1.0,1.0
757,MO,Bates,29013,1.0,2021-05-29,0.0,-1.0
758,MO,Bates,29013,0.0,2021-05-30,0.0,0.0
759,MO,Bates,29013,1.0,2021-05-31,0.0,-1.0
760,MO,Bates,29013,0.0,2021-06-01,,
761,MO,Bates,29013,1.0,2021-06-02,,
762,MO,Bates,29013,0.0,2021-06-03,,
763,MO,Benton,29015,1.0,2021-05-28,2.0,1.0
764,MO,Benton,29015,1.0,2021-05-29,1.0,0.0
765,MO,Benton,29015,1.0,2021-05-30,0.0,-1.0
766,MO,Benton,29015,1.0,2021-05-31,0.0,-1.0
767,MO,Benton,29015,1.0,2021-06-01,,
768,MO,Benton,29015,1.0,2021-06-02,,
769,MO,Benton,29015,1.0,2021-06-03,,
770,MO,Bollinger,29017,0.0,2021-05-28,2.0,2.0
771,MO,Bollinger,29017,0.0,2021-05-29,0.0,0.0
772,MO,Bollinger,29017,0.0,2021-05-30,0.0,0.0
773,MO,Bollinger,29017,0.0,2021-05-31,2.0,2.0
774,MO,Bollinger,29017,0.0,2021-06-01,,
775,MO,Bollinger,29017,0.0,2021-06-02,,
776,MO,Bollinger,29017,3.0,2021-06-03,,
777,MO,Boone,29019,10.0,2021-05-28,4.0,-6.0
778,MO,Boone,29019,11.0,2021-05-29,0.0,-11.0
779,MO,Boone,29019,11.0,2021-05-30,0.0,-11.0
780,MO,Boone,29019,12.0,2021-05-31,0.0,-12.0
781,MO,Boone,29019,12.0,2021-06-01,,
782,MO,Boone,29019,10.0,2021-06-02,,
783,MO,Boone,29019,10.0,2021-06-03,,
784,MO,Buchanan,29021,5.0,2021-05-28,0.0,-5.0
785,MO,Buchanan,29021,5.0,2021-05-29,0.0,-5.0
786,MO,Buchanan,29021,5.0,2021-05-30,0.0,-5.0
787,MO,Buchanan,29021,5.0,2021-05-31,0.0,-5.0
788,MO,Buchanan,29021,5.0,2021-06-01,,
789,MO,Buchanan,29021,5.0,2021-06-02,,
790,MO,Buchanan,29021,6.0,2021-06-03,,
791,MO,Butler,29023,2.0,2021-05-28,0.0,-2.0
792,MO,Butler,29023,3.0,2021-05-29,3.0,0.0
793,MO,Butler,29023,3.0,2021-05-30,0.0,-3.0
794,MO,Butler,29023,2.0,2021-05-31,1.0,-1.0
795,MO,Butler,29023,3.0,2021-06-01,,
796,MO,Butler,29023,3.0,2021-06-02,,
797,MO,Butler,29023,3.0,2021-06-03,,
798,MO,Caldwell,29025,1.0,2021-05-28,6.0,5.0
799,MO,Caldwell,29025,1.0,2021-05-29,2.0,1.0
800,MO,Caldwell,29025,1.0,2021-05-30,0.0,-1.0
801,MO,Caldwell,29025,1.0,2021-05-31,0.0,-1.0
802,MO,Caldwell,29025,1.0,2021-06-01,,
803,MO,Caldwell,29025,1.0,2021-06-02,,
804,MO,Caldwell,29025,3.0,2021-06-03,,
805,MO,Callaway,29027,2.0,2021-05-28,5.0,3.0
806,MO,Callaway,29027,3.0,2021-05-29,1.0,-2.0
807,MO,Callaway,29027,3.0,2021-05-30,3.0,0.0
808,MO,Callaway,29027,3.0,2021-05-31,1.0,-2.0
809,MO,Callaway,29027,3.0,2021-06-01,,
810,MO,Callaway,29027,3.0,2021-06-02,,
811,MO,Callaway,29027,3.0,2021-06-03,,
812,MO,Camden,29029,2.0,2021-05-28,6.0,4.0
813,MO,Camden,29029,2.0,2021-05-29,3.0,1.0
814,MO,Camden,29029,3.0,2021-05-30,3.0,0.0
815,MO,Camden,29029,2.0,2021-05-31,0.0,-2.0
816,MO,Camden,29029,3.0,2021-06-01,,
817,MO,Camden,29029,3.0,2021-06-02,,
818,MO,Camden,29029,3.0,2021-06-03,,
819,MO,Cape Girardeau,29031,4.0,2021-05-28,7.0,3.0
820,MO,Cape Girardeau,29031,4.0,2021-05-29,0.0,-4.0
821,MO,Cape Girardeau,29031,4.0,2021-05-30,0.0,-4.0
822,MO,Cape Girardeau,29031,4.0,2021-05-31,0.0,-4.0
823,MO,Cape Girardeau,29031,4.0,2021-06-01,,
824,MO,Cape Girardeau,29031,4.0,2021-06-02,,
825,MO,Cape Girardeau,29031,4.0,2021-06-03,,
826,MO,Carroll,29033,0.0,2021-05-28,1.0,1.0
827,MO,Carroll,29033,0.0,2021-05-29,0.0,0.0
828,MO,Carroll,29033,0.0,2021-05-30,1.0,1.0
829,MO,Carroll,29033,0.0,2021-05-31,0.0,0.0
830,MO,Carroll,29033,0.0,2021-06-01,,
831,MO,Carroll,29033,0.0,2021-06-02,,
832,MO,Carroll,29033,1.0,2021-06-03,,
833,MO,Carter,29035,0.0,2021-05-28,0.0,0.0
834,MO,Carter,29035,0.0,2021-05-29,0.0,0.0
835,MO,Carter,29035,0.0,2021-05-30,0.0,0.0
836,MO,Carter,29035,0.0,2021-05-31,0.0,0.0
837,MO,Carter,29035,0.0,2021-06-01,,
838,MO,Carter,29035,0.0,2021-06-02,,
839,MO,Carter,29035,0.0,2021-06-03,,
840,MO,Cass,29037,5.0,2021-05-28,15.0,10.0
841,MO,Cass,29037,6.0,2021-05-29,6.0,0.0
842,MO,Cass,29037,6.0,2021-05-30,3.0,-3.0
843,MO,Cass,29037,6.0,2021-05-31,1.0,-5.0
844,MO,Cass,29037,5.0,2021-06-01,,
845,MO,Cass,29037,5.0,2021-06-02,,
846,MO,Cass,29037,7.0,2021-06-03,,
847,MO,Cedar,29039,1.0,2021-05-28,2.0,1.0
848,MO,Cedar,29039,1.0,2021-05-29,2.0,1.0
849,MO,Cedar,29039,1.0,2021-05-30,0.0,-1.0
850,MO,Cedar,29039,1.0,2021-05-31,0.0,-1.0
851,MO,Cedar,29039,1.0,2021-06-01,,
852,MO,Cedar,29039,1.0,2021-06-02,,
853,MO,Cedar,29039,1.0,2021-06-03,,
854,MO,Chariton,29041,1.0,2021-05-28,10.0,9.0
855,MO,Chariton,29041,1.0,2021-05-29,1.0,0.0
856,MO,Chariton,29041,2.0,2021-05-30,0.0,-2.0
857,MO,Chariton,29041,2.0,2021-05-31,0.0,-2.0
858,MO,Chariton,29041,1.0,2021-06-01,,
859,MO,Chariton,29041,2.0,2021-06-02,,
860,MO,Chariton,29041,2.0,2021-06-03,,
861,MO,Christian,29043,5.0,2021-05-28,28.0,23.0
862,MO,Christian,29043,6.0,2021-05-29,0.0,-6.0
863,MO,Christian,29043,6.0,2021-05-30,0.0,-6.0
864,MO,Christian,29043,6.0,2021-05-31,0.0,-6.0
865,MO,Christian,29043,5.0,2021-06-01,,
866,MO,Christian,29043,5.0,2021-06-02,,
867,MO,Christian,29043,5.0,2021-06-03,,
868,MO,Clark,29045,0.0,2021-05-28,5.0,5.0
869,MO,Clark,29045,0.0,2021-05-29,0.0,0.0
870,MO,Clark,29045,0.0,2021-05-30,0.0,0.0
871,MO,Clark,29045,0.0,2021-05-31,0.0,0.0
872,MO,Clark,29045,0.0,2021-06-01,,
873,MO,Clark,29045,0.0,2021-06-02,,
874,MO,Clark,29045,0.0,2021-06-03,,
875,MO,Clay,29047,13.0,2021-05-28,0.0,-13.0
876,MO,Clay,29047,13.0,2021-05-29,0.0,-13.0
877,MO,Clay,29047,12.0,2021-05-30,0.0,-12.0
878,MO,Clay,29047,12.0,2021-05-31,1.0,-11.0
879,MO,Clay,29047,12.0,2021-06-01,,
880,MO,Clay,29047,13.0,2021-06-02,,
881,MO,Clay,29047,12.0,2021-06-03,,
882,MO,Clinton,29049,1.0,2021-05-28,2.0,1.0
883,MO,Clinton,29049,1.0,2021-05-29,0.0,-1.0
884,MO,Clinton,29049,1.0,2021-05-30,0.0,-1.0
885,MO,Clinton,29049,1.0,2021-05-31,0.0,-1.0
886,MO,Clinton,29049,1.0,2021-06-01,,
887,MO,Clinton,29049,1.0,2021-06-02,,
888,MO,Clinton,29049,1.0,2021-06-03,,
889,MO,Cole,29051,4.0,2021-05-28,11.0,7.0
890,MO,Cole,29051,4.0,2021-05-29,7.0,3.0
891,MO,Cole,29051,5.0,2021-05-30,3.0,-2.0
892,MO,Cole,29051,5.0,2021-05-31,1.0,-4.0
893,MO,Cole,29051,5.0,2021-06-01,,
894,MO,Cole,29051,4.0,2021-06-02,,
895,MO,Cole,29051,5.0,2021-06-03,,
896,MO,Cooper,29053,1.0,2021-05-28,0.0,-1.0
897,MO,Cooper,29053,1.0,2021-05-29,0.0,-1.0
898,MO,Cooper,29053,1.0,2021-05-30,0.0,-1.0
899,MO,Cooper,29053,1.0,2021-05-31,0.0,-1.0
900,MO,Cooper,29053,1.0,2021-06-01,,
901,MO,Cooper,29053,1.0,2021-06-02,,
902,MO,Cooper,29053,1.0,2021-06-03,,
903,MO,Crawford,29055,2.0,2021-05-28,0.0,-2.0
904,MO,Crawford,29055,2.0,2021-05-29,2.0,0.0
905,MO,Crawford,29055,2.0,2021-05-30,2.0,0.0
906,MO,Crawford,29055,2.0,2021-05-31,0.0,-2.0
907,MO,Crawford,29055,2.0,2021-06-01,,
908,MO,Crawford,29055,2.0,2021-06-02,,
909,MO,Crawford,29055,2.0,2021-06-03,,
910,MO,Dade,29057,0.0,2021-05-28,0.0,0.0
911,MO,Dade,29057,0.0,2021-05-29,0.0,0.0
912,MO,Dade,29057,0.0,2021-05-30,0.0,0.0
913,MO,Dade,29057,0.0,2021-05-31,0.0,0.0
914,MO,Dade,29057,0.0,2021-06-01,,
915,MO,Dade,29057,0.0,2021-06-02,,
916,MO,Dade,29057,0.0,2021-06-03,,
917,MO,Dallas,29059,7.0,2021-05-28,2.0,-5.0
918,MO,Dallas,29059,3.0,2021-05-29,1.0,-2.0
919,MO,Dallas,29059,4.0,2021-05-30,0.0,-4.0
920,MO,Dallas,29059,3.0,2021-05-31,0.0,-3.0
921,MO,Dallas,29059,6.0,2021-06-01,,
922,MO,Dallas,29059,4.0,2021-06-02,,
923,MO,Dallas,29059,4.0,2021-06-03,,
924,MO,Daviess,29061,1.0,2021-05-28,0.0,-1.0
925,MO,Daviess,29061,0.0,2021-05-29,0.0,0.0
926,MO,Daviess,29061,0.0,2021-05-30,0.0,0.0
927,MO,Daviess,29061,0.0,2021-05-31,0.0,0.0
928,MO,Daviess,29061,0.0,2021-06-01,,
929,MO,Daviess,29061,0.0,2021-06-02,,
930,MO,Daviess,29061,0.0,2021-06-03,,
931,MO,DeKalb,29063,0.0,2021-05-28,0.0,0.0
932,MO,DeKalb,29063,0.0,2021-05-29,1.0,1.0
933,MO,DeKalb,29063,0.0,2021-05-30,0.0,0.0
934,MO,DeKalb,29063,0.0,2021-05-31,1.0,1.0
935,MO,DeKalb,29063,0.0,2021-06-01,,
936,MO,DeKalb,29063,0.0,2021-06-02,,
937,MO,DeKalb,29063,0.0,2021-06-03,,
938,MO,Dent,29065,1.0,2021-05-28,6.0,5.0
939,MO,Dent,29065,1.0,2021-05-29,2.0,1.0
940,MO,Dent,29065,1.0,2021-05-30,2.0,1.0
941,MO,Dent,29065,1.0,2021-05-31,0.0,-1.0
942,MO,Dent,29065,2.0,2021-06-01,,
943,MO,Dent,29065,2.0,2021-06-02,,
944,MO,Dent,29065,2.0,2021-06-03,,
945,MO,Douglas,29067,2.0,2021-05-28,2.0,0.0
946,MO,Douglas,29067,2.0,2021-05-29,4.0,2.0
947,MO,Douglas,29067,1.0,2021-05-30,1.0,0.0
948,MO,Douglas,29067,2.0,2021-05-31,0.0,-2.0
949,MO,Douglas,29067,2.0,2021-06-01,,
950,MO,Douglas,29067,2.0,2021-06-02,,
951,MO,Douglas,29067,2.0,2021-06-03,,
952,MO,Dunklin,29069,3.0,2021-05-28,13.0,10.0
953,MO,Dunklin,29069,3.0,2021-05-29,5.0,2.0
954,MO,Dunklin,29069,3.0,2021-05-30,0.0,-3.0
955,MO,Dunklin,29069,3.0,2021-05-31,0.0,-3.0
956,MO,Dunklin,29069,3.0,2021-06-01,,
957,MO,Dunklin,29069,3.0,2021-06-02,,
958,MO,Dunklin,29069,3.0,2021-06-03,,
959,MO,Franklin,29071,8.0,2021-05-28,4.0,-4.0
960,MO,Franklin,29071,9.0,2021-05-29,4.0,-5.0
961,MO,Franklin,29071,8.0,2021-05-30,2.0,-6.0
962,MO,Franklin,29071,8.0,2021-05-31,4.0,-4.0
963,MO,Franklin,29071,7.0,2021-06-01,,
964,MO,Franklin,29071,6.0,2021-06-02,,
965,MO,Franklin,29071,6.0,2021-06-03,,
966,MO,Gasconade,29073,1.0,2021-05-28,1.0,0.0
967,MO,Gasconade,29073,1.0,2021-05-29,2.0,1.0
968,MO,Gasconade,29073,1.0,2021-05-30,1.0,0.0
969,MO,Gasconade,29073,1.0,2021-05-31,0.0,-1.0
970,MO,Gasconade,29073,1.0,2021-06-01,,
971,MO,Gasconade,29073,1.0,2021-06-02,,
972,MO,Gasconade,29073,4.0,2021-06-03,,
973,MO,Gentry,29075,0.0,2021-05-28,0.0,0.0
974,MO,Gentry,29075,0.0,2021-05-29,0.0,0.0
975,MO,Gentry,29075,0.0,2021-05-30,0.0,0.0
976,MO,Gentry,29075,0.0,2021-05-31,0.0,0.0
977,MO,Gentry,29075,0.0,2021-06-01,,
978,MO,Gentry,29075,0.0,2021-06-02,,
979,MO,Gentry,29075,0.0,2021-06-03,,
980,MO,Greene,29077,22.0,2021-05-28,63.0,41.0
981,MO,Greene,29077,20.0,2021-05-29,0.0,-20.0
982,MO,Greene,29077,19.0,2021-05-30,0.0,-19.0
983,MO,Greene,29077,37.0,2021-05-31,0.0,-37.0
984,MO,Greene,29077,24.0,2021-06-01,,
985,MO,Greene,29077,28.0,2021-06-02,,
986,MO,Greene,29077,28.0,2021-06-03,,
987,MO,Grundy,29079,2.0,2021-05-28,6.0,4.0
988,MO,Grundy,29079,2.0,2021-05-29,4.0,2.0
989,MO,Grundy,29079,1.0,2021-05-30,5.0,4.0
990,MO,Grundy,29079,1.0,2021-05-31,0.0,-1.0
991,MO,Grundy,29079,2.0,2021-06-01,,
992,MO,Grundy,29079,1.0,2021-06-02,,
993,MO,Grundy,29079,2.0,2021-06-03,,
994,MO,Harrison,29081,1.0,2021-05-28,0.0,-1.0
995,MO,Harrison,29081,1.0,2021-05-29,0.0,-1.0
996,MO,Harrison,29081,1.0,2021-05-30,0.0,-1.0
997,MO,Harrison,29081,1.0,2021-05-31,0.0,-1.0
998,MO,Harrison,29081,1.0,2021-06-01,,
999,MO,Harrison,29081,1.0,2021-06-02,,
1000,MO,Harrison,29081,1.0,2021-06-03,,
1001,MO,Henry,29083,1.0,2021-05-28,2.0,1.0
1002,MO,Henry,29083,1.0,2021-05-29,2.0,1.0
1003,MO,Henry,29083,1.0,2021-05-30,2.0,1.0
1004,MO,Henry,29083,1.0,2021-05-31,1.0,0.0
1005,MO,Henry,29083,1.0,2021-06-01,,
1006,MO,Henry,29083,1.0,2021-06-02,,
1007,MO,Henry,29083,1.0,2021-06-03,,
1008,MO,Hickory,29085,1.0,2021-05-28,0.0,-1.0
1009,MO,Hickory,29085,0.0,2021-05-29,0.0,0.0
1010,MO,Hickory,29085,0.0,2021-05-30,0.0,0.0
1011,MO,Hickory,29085,0.0,2021-05-31,0.0,0.0
1012,MO,Hickory,29085,0.0,2021-06-01,,
1013,MO,Hickory,29085,0.0,2021-06-02,,
1014,MO,Hickory,29085,1.0,2021-06-03,,
1015,MO,Holt,29087,0.0,2021-05-28,0.0,0.0
1016,MO,Holt,29087,0.0,2021-05-29,0.0,0.0
1017,MO,Holt,29087,0.0,2021-05-30,0.0,0.0
1018,MO,Holt,29087,0.0,2021-05-31,0.0,0.0
1019,MO,Holt,29087,0.0,2021-06-01,,
1020,MO,Holt,29087,0.0,2021-06-02,,
1021,MO,Holt,29087,0.0,2021-06-03,,
1022,MO,Howard,29089,1.0,2021-05-28,0.0,-1.0
1023,MO,Howard,29089,1.0,2021-05-29,0.0,-1.0
1024,MO,Howard,29089,1.0,2021-05-30,0.0,-1.0
1025,MO,Howard,29089,1.0,2021-05-31,0.0,-1.0
1026,MO,Howard,29089,1.0,2021-06-01,,
1027,MO,Howard,29089,1.0,2021-06-02,,
1028,MO,Howard,29089,1.0,2021-06-03,,
1029,MO,Howell,29091,2.0,2021-05-28,2.0,0.0
1030,MO,Howell,29091,2.0,2021-05-29,3.0,1.0
1031,MO,Howell,29091,2.0,2021-05-30,2.0,0.0
1032,MO,Howell,29091,2.0,2021-05-31,0.0,-2.0
1033,MO,Howell,29091,2.0,2021-06-01,,
1034,MO,Howell,29091,3.0,2021-06-02,,
1035,MO,Howell,29091,2.0,2021-06-03,,
1036,MO,Iron,29093,1.0,2021-05-28,0.0,-1.0
1037,MO,Iron,29093,1.0,2021-05-29,0.0,-1.0
1038,MO,Iron,29093,1.0,2021-05-30,0.0,-1.0
1039,MO,Iron,29093,1.0,2021-05-31,0.0,-1.0
1040,MO,Iron,29093,1.0,2021-06-01,,
1041,MO,Iron,29093,1.0,2021-06-02,,
1042,MO,Iron,29093,1.0,2021-06-03,,
1043,MO,Jackson,29095,66.0,2021-05-31,7.0,-59.0
1044,MO,Jackson,29095,66.0,2021-06-01,,
1045,MO,Jackson,29095,66.0,2021-06-01,,
1046,MO,Jackson,29095,65.0,2021-06-02,,
1047,MO,Jackson,29095,65.0,2021-06-02,,
1048,MO,Jackson,29095,68.0,2021-06-03,,
1049,MO,Jackson,29095,68.0,2021-06-03,,
1050,MO,Jasper,29097,10.0,2021-05-31,1.0,-9.0
1051,MO,Jasper,29097,10.0,2021-06-01,,
1052,MO,Jasper,29097,10.0,2021-06-01,,
1053,MO,Jasper,29097,10.0,2021-06-02,,
1054,MO,Jasper,29097,10.0,2021-06-02,,
1055,MO,Jasper,29097,11.0,2021-06-03,,
1056,MO,Jasper,29097,11.0,2021-06-03,,
1057,MO,Jefferson,29099,15.0,2021-05-28,12.0,-3.0
1058,MO,Jefferson,29099,14.0,2021-05-29,8.0,-6.0
1059,MO,Jefferson,29099,13.0,2021-05-30,9.0,-4.0
1060,MO,Jefferson,29099,14.0,2021-05-31,5.0,-9.0
1061,MO,Jefferson,29099,14.0,2021-06-01,,
1062,MO,Jefferson,29099,14.0,2021-06-02,,
1063,MO,Jefferson,29099,13.0,2021-06-03,,
1064,MO,Johnson,29101,2.0,2021-05-28,2.0,0.0
1065,MO,Johnson,29101,3.0,2021-05-29,1.0,-2.0
1066,MO,Johnson,29101,3.0,2021-05-30,2.0,-1.0
1067,MO,Johnson,29101,3.0,2021-05-31,0.0,-3.0
1068,MO,Johnson,29101,3.0,2021-06-01,,
1069,MO,Johnson,29101,3.0,2021-06-02,,
1070,MO,Johnson,29101,3.0,2021-06-03,,
1071,MO,Knox,29103,0.0,2021-05-28,0.0,0.0
1072,MO,Knox,29103,0.0,2021-05-29,0.0,0.0
1073,MO,Knox,29103,0.0,2021-05-30,0.0,0.0
1074,MO,Knox,29103,0.0,2021-05-31,0.0,0.0
1075,MO,Knox,29103,0.0,2021-06-01,,
1076,MO,Knox,29103,0.0,2021-06-02,,
1077,MO,Knox,29103,0.0,2021-06-03,,
1078,MO,Laclede,29105,3.0,2021-05-28,4.0,1.0
1079,MO,Laclede,29105,2.0,2021-05-29,5.0,3.0
1080,MO,Laclede,29105,2.0,2021-05-30,1.0,-1.0
1081,MO,Laclede,29105,3.0,2021-05-31,0.0,-3.0
1082,MO,Laclede,29105,3.0,2021-06-01,,
1083,MO,Laclede,29105,3.0,2021-06-02,,
1084,MO,Laclede,29105,3.0,2021-06-03,,
1085,MO,Lafayette,29107,3.0,2021-05-28,6.0,3.0
1086,MO,Lafayette,29107,3.0,2021-05-29,3.0,0.0
1087,MO,Lafayette,29107,3.0,2021-05-30,2.0,-1.0
1088,MO,Lafayette,29107,2.0,2021-05-31,1.0,-1.0
1089,MO,Lafayette,29107,2.0,2021-06-01,,
1090,MO,Lafayette,29107,2.0,2021-06-02,,
1091,MO,Lafayette,29107,3.0,2021-06-03,,
1092,MO,Lawrence,29109,2.0,2021-05-28,2.0,0.0
1093,MO,Lawrence,29109,2.0,2021-05-29,4.0,2.0
1094,MO,Lawrence,29109,3.0,2021-05-30,1.0,-2.0
1095,MO,Lawrence,29109,2.0,2021-05-31,4.0,2.0
1096,MO,Lawrence,29109,2.0,2021-06-01,,
1097,MO,Lawrence,29109,2.0,2021-06-02,,
1098,MO,Lawrence,29109,3.0,2021-06-03,,
1099,MO,Lewis,29111,1.0,2021-05-28,0.0,-1.0
1100,MO,Lewis,29111,1.0,2021-05-29,1.0,0.0
1101,MO,Lewis,29111,1.0,2021-05-30,0.0,-1.0
1102,MO,Lewis,29111,1.0,2021-05-31,0.0,-1.0
1103,MO,Lewis,29111,1.0,2021-06-01,,
1104,MO,Lewis,29111,5.0,2021-06-02,,
1105,MO,Lewis,29111,1.0,2021-06-03,,
1106,MO,Lincoln,29113,6.0,2021-05-28,46.0,40.0
1107,MO,Lincoln,29113,6.0,2021-05-29,33.0,27.0
1108,MO,Lincoln,29113,7.0,2021-05-30,4.0,-3.0
1109,MO,Lincoln,29113,6.0,2021-05-31,2.0,-4.0
1110,MO,Lincoln,29113,6.0,2021-06-01,,
1111,MO,Lincoln,29113,7.0,2021-06-02,,
1112,MO,Lincoln,29113,9.0,2021-06-03,,
1113,MO,Linn,29115,5.0,2021-05-28,29.0,24.0
1114,MO,Linn,29115,7.0,2021-05-29,23.0,16.0
1115,MO,Linn,29115,6.0,2021-05-30,0.0,-6.0
1116,MO,Linn,29115,5.0,2021-05-31,2.0,-3.0
1117,MO,Linn,29115,9.0,2021-06-01,,
1118,MO,Linn,29115,9.0,2021-06-02,,
1119,MO,Linn,29115,6.0,2021-06-03,,
1120,MO,Livingston,29117,11.0,2021-05-28,21.0,10.0
1121,MO,Livingston,29117,10.0,2021-05-29,34.0,24.0
1122,MO,Livingston,29117,9.0,2021-05-30,6.0,-3.0
1123,MO,Livingston,29117,10.0,2021-05-31,3.0,-7.0
1124,MO,Livingston,29117,13.0,2021-06-01,,
1125,MO,Livingston,29117,13.0,2021-06-02,,
1126,MO,Livingston,29117,14.0,2021-06-03,,
1127,MO,McDonald,29119,3.0,2021-05-28,10.0,7.0
1128,MO,McDonald,29119,1.0,2021-05-29,0.0,-1.0
1129,MO,McDonald,29119,3.0,2021-05-30,0.0,-3.0
1130,MO,McDonald,29119,3.0,2021-05-31,0.0,-3.0
1131,MO,McDonald,29119,4.0,2021-06-01,,
1132,MO,McDonald,29119,4.0,2021-06-02,,
1133,MO,McDonald,29119,3.0,2021-06-03,,
1134,MO,Macon,29121,1.0,2021-05-28,-1.0,-2.0
1135,MO,Macon,29121,2.0,2021-05-29,5.0,3.0
1136,MO,Macon,29121,2.0,2021-05-30,2.0,0.0
1137,MO,Macon,29121,2.0,2021-05-31,0.0,-2.0
1138,MO,Macon,29121,2.0,2021-06-01,,
1139,MO,Macon,29121,1.0,2021-06-02,,
1140,MO,Macon,29121,2.0,2021-06-03,,
1141,MO,Madison,29123,1.0,2021-05-28,1.0,0.0
1142,MO,Madison,29123,1.0,2021-05-29,1.0,0.0
1143,MO,Madison,29123,1.0,2021-05-30,0.0,-1.0
1144,MO,Madison,29123,1.0,2021-05-31,1.0,0.0
1145,MO,Madison,29123,1.0,2021-06-01,,
1146,MO,Madison,29123,1.0,2021-06-02,,
1147,MO,Madison,29123,1.0,2021-06-03,,
1148,MO,Maries,29125,0.0,2021-05-28,1.0,1.0
1149,MO,Maries,29125,0.0,2021-05-29,0.0,0.0
1150,MO,Maries,29125,0.0,2021-05-30,0.0,0.0
1151,MO,Maries,29125,0.0,2021-05-31,0.0,0.0
1152,MO,Maries,29125,0.0,2021-06-01,,
1153,MO,Maries,29125,0.0,2021-06-02,,
1154,MO,Maries,29125,0.0,2021-06-03,,
1155,MO,Marion,29127,5.0,2021-05-28,0.0,-5.0
1156,MO,Marion,29127,4.0,2021-05-29,1.0,-3.0
1157,MO,Marion,29127,9.0,2021-05-30,1.0,-8.0
1158,MO,Marion,29127,2.0,2021-05-31,0.0,-2.0
1159,MO,Marion,29127,4.0,2021-06-01,,
1160,MO,Marion,29127,4.0,2021-06-02,,
1161,MO,Marion,29127,3.0,2021-06-03,,
1162,MO,Mercer,29129,0.0,2021-05-28,0.0,0.0
1163,MO,Mercer,29129,0.0,2021-05-29,0.0,0.0
1164,MO,Mercer,29129,0.0,2021-05-30,0.0,0.0
1165,MO,Mercer,29129,0.0,2021-05-31,0.0,0.0
1166,MO,Mercer,29129,0.0,2021-06-01,,
1167,MO,Mercer,29129,0.0,2021-06-02,,
1168,MO,Mercer,29129,0.0,2021-06-03,,
1169,MO,Miller,29131,0.0,2021-05-28,1.0,1.0
1170,MO,Miller,29131,0.0,2021-05-29,0.0,0.0
1171,MO,Miller,29131,1.0,2021-05-30,1.0,0.0
1172,MO,Miller,29131,1.0,2021-05-31,0.0,-1.0
1173,MO,Miller,29131,1.0,2021-06-01,,
1174,MO,Miller,29131,1.0,2021-06-02,,
1175,MO,Miller,29131,1.0,2021-06-03,,
1176,MO,Mississippi,29133,2.0,2021-05-28,4.0,2.0
1177,MO,Mississippi,29133,2.0,2021-05-29,0.0,-2.0
1178,MO,Mississippi,29133,1.0,2021-05-30,0.0,-1.0
1179,MO,Mississippi,29133,1.0,2021-05-31,0.0,-1.0
1180,MO,Mississippi,29133,1.0,2021-06-01,,
1181,MO,Mississippi,29133,2.0,2021-06-02,,
1182,MO,Mississippi,29133,3.0,2021-06-03,,
1183,MO,Moniteau,29135,1.0,2021-05-28,0.0,-1.0
1184,MO,Moniteau,29135,1.0,2021-05-29,1.0,0.0
1185,MO,Moniteau,29135,1.0,2021-05-30,1.0,0.0
1186,MO,Moniteau,29135,1.0,2021-05-31,1.0,0.0
1187,MO,Moniteau,29135,1.0,2021-06-01,,
1188,MO,Moniteau,29135,1.0,2021-06-02,,
1189,MO,Moniteau,29135,1.0,2021-06-03,,
1190,MO,Monroe,29137,0.0,2021-05-28,0.0,0.0
1191,MO,Monroe,29137,0.0,2021-05-29,0.0,0.0
1192,MO,Monroe,29137,0.0,2021-05-30,0.0,0.0
1193,MO,Monroe,29137,0.0,2021-05-31,0.0,0.0
1194,MO,Monroe,29137,0.0,2021-06-01,,
1195,MO,Monroe,29137,0.0,2021-06-02,,
1196,MO,Monroe,29137,0.0,2021-06-03,,
1197,MO,Montgomery,29139,0.0,2021-05-28,1.0,1.0
1198,MO,Montgomery,29139,0.0,2021-05-29,1.0,1.0
1199,MO,Montgomery,29139,0.0,2021-05-30,1.0,1.0
1200,MO,Montgomery,29139,0.0,2021-05-31,0.0,0.0
1201,MO,Montgomery,29139,0.0,2021-06-01,,
1202,MO,Montgomery,29139,0.0,2021-06-02,,
1203,MO,Montgomery,29139,0.0,2021-06-03,,
1204,MO,Morgan,29141,0.0,2021-05-28,4.0,4.0
1205,MO,Morgan,29141,0.0,2021-05-29,3.0,3.0
1206,MO,Morgan,29141,0.0,2021-05-30,2.0,2.0
1207,MO,Morgan,29141,0.0,2021-05-31,0.0,0.0
1208,MO,Morgan,29141,0.0,2021-06-01,,
1209,MO,Morgan,29141,0.0,2021-06-02,,
1210,MO,Morgan,29141,0.0,2021-06-03,,
1211,MO,New Madrid,29143,1.0,2021-05-28,1.0,0.0
1212,MO,New Madrid,29143,2.0,2021-05-29,1.0,-1.0
1213,MO,New Madrid,29143,1.0,2021-05-30,1.0,0.0
1214,MO,New Madrid,29143,1.0,2021-05-31,1.0,0.0
1215,MO,New Madrid,29143,1.0,2021-06-01,,
1216,MO,New Madrid,29143,1.0,2021-06-02,,
1217,MO,New Madrid,29143,1.0,2021-06-03,,
1218,MO,Newton,29145,8.0,2021-05-28,7.0,-1.0
1219,MO,Newton,29145,8.0,2021-05-29,7.0,-1.0
1220,MO,Newton,29145,7.0,2021-05-30,2.0,-5.0
1221,MO,Newton,29145,7.0,2021-05-31,1.0,-6.0
1222,MO,Newton,29145,7.0,2021-06-01,,
1223,MO,Newton,29145,7.0,2021-06-02,,
1224,MO,Newton,29145,7.0,2021-06-03,,
1225,MO,Nodaway,29147,1.0,2021-05-28,0.0,-1.0
1226,MO,Nodaway,29147,1.0,2021-05-29,0.0,-1.0
1227,MO,Nodaway,29147,1.0,2021-05-30,0.0,-1.0
1228,MO,Nodaway,29147,1.0,2021-05-31,0.0,-1.0
1229,MO,Nodaway,29147,1.0,2021-06-01,,
1230,MO,Nodaway,29147,1.0,2021-06-02,,
1231,MO,Nodaway,29147,0.0,2021-06-03,,
1232,MO,Oregon,29149,0.0,2021-05-28,0.0,0.0
1233,MO,Oregon,29149,0.0,2021-05-29,0.0,0.0
1234,MO,Oregon,29149,0.0,2021-05-30,0.0,0.0
1235,MO,Oregon,29149,0.0,2021-05-31,0.0,0.0
1236,MO,Oregon,29149,0.0,2021-06-01,,
1237,MO,Oregon,29149,0.0,2021-06-02,,
1238,MO,Oregon,29149,0.0,2021-06-03,,
1239,MO,Osage,29151,1.0,2021-05-28,0.0,-1.0
1240,MO,Osage,29151,1.0,2021-05-29,2.0,1.0
1241,MO,Osage,29151,1.0,2021-05-30,0.0,-1.0
1242,MO,Osage,29151,1.0,2021-05-31,0.0,-1.0
1243,MO,Osage,29151,1.0,2021-06-01,,
1244,MO,Osage,29151,1.0,2021-06-02,,
1245,MO,Osage,29151,1.0,2021-06-03,,
1246,MO,Ozark,29153,0.0,2021-05-28,1.0,1.0
1247,MO,Ozark,29153,0.0,2021-05-29,0.0,0.0
1248,MO,Ozark,29153,0.0,2021-05-30,0.0,0.0
1249,MO,Ozark,29153,0.0,2021-05-31,0.0,0.0
1250,MO,Ozark,29153,0.0,2021-06-01,,
1251,MO,Ozark,29153,0.0,2021-06-02,,
1252,MO,Ozark,29153,0.0,2021-06-03,,
1253,MO,Pemiscot,29155,1.0,2021-05-28,0.0,-1.0
1254,MO,Pemiscot,29155,1.0,2021-05-29,2.0,1.0
1255,MO,Pemiscot,29155,1.0,2021-05-30,0.0,-1.0
1256,MO,Pemiscot,29155,1.0,2021-05-31,0.0,-1.0
1257,MO,Pemiscot,29155,2.0,2021-06-01,,
1258,MO,Pemiscot,29155,1.0,2021-06-02,,
1259,MO,Pemiscot,29155,1.0,2021-06-03,,
1260,MO,Perry,29157,2.0,2021-05-28,1.0,-1.0
1261,MO,Perry,29157,2.0,2021-05-29,0.0,-2.0
1262,MO,Perry,29157,2.0,2021-05-30,0.0,-2.0
1263,MO,Perry,29157,2.0,2021-05-31,1.0,-1.0
1264,MO,Perry,29157,2.0,2021-06-01,,
1265,MO,Perry,29157,2.0,2021-06-02,,
1266,MO,Perry,29157,2.0,2021-06-03,,
1267,MO,Pettis,29159,3.0,2021-05-28,0.0,-3.0
1268,MO,Pettis,29159,2.0,2021-05-29,1.0,-1.0
1269,MO,Pettis,29159,2.0,2021-05-30,2.0,0.0
1270,MO,Pettis,29159,2.0,2021-05-31,0.0,-2.0
1271,MO,Pettis,29159,2.0,2021-06-01,,
1272,MO,Pettis,29159,2.0,2021-06-02,,
1273,MO,Pettis,29159,2.0,2021-06-03,,
1274,MO,Phelps,29161,3.0,2021-05-28,4.0,1.0
1275,MO,Phelps,29161,2.0,2021-05-29,7.0,5.0
1276,MO,Phelps,29161,3.0,2021-05-30,2.0,-1.0
1277,MO,Phelps,29161,3.0,2021-05-31,2.0,-1.0
1278,MO,Phelps,29161,3.0,2021-06-01,,
1279,MO,Phelps,29161,3.0,2021-06-02,,
1280,MO,Phelps,29161,4.0,2021-06-03,,
1281,MO,Pike,29163,1.0,2021-05-28,0.0,-1.0
1282,MO,Pike,29163,2.0,2021-05-29,0.0,-2.0
1283,MO,Pike,29163,2.0,2021-05-30,0.0,-2.0
1284,MO,Pike,29163,2.0,2021-05-31,0.0,-2.0
1285,MO,Pike,29163,2.0,2021-06-01,,
1286,MO,Pike,29163,2.0,2021-06-02,,
1287,MO,Pike,29163,1.0,2021-06-03,,
1288,MO,Platte,29165,4.0,2021-05-28,0.0,-4.0
1289,MO,Platte,29165,4.0,2021-05-29,1.0,-3.0
1290,MO,Platte,29165,4.0,2021-05-30,1.0,-3.0
1291,MO,Platte,29165,4.0,2021-05-31,0.0,-4.0
1292,MO,Platte,29165,4.0,2021-06-01,,
1293,MO,Platte,29165,4.0,2021-06-02,,
1294,MO,Platte,29165,4.0,2021-06-03,,
1295,MO,Polk,29167,5.0,2021-05-28,13.0,8.0
1296,MO,Polk,29167,5.0,2021-05-29,0.0,-5.0
1297,MO,Polk,29167,5.0,2021-05-30,0.0,-5.0
1298,MO,Polk,29167,6.0,2021-05-31,0.0,-6.0
1299,MO,Polk,29167,6.0,2021-06-01,,
1300,MO,Polk,29167,8.0,2021-06-02,,
1301,MO,Polk,29167,5.0,2021-06-03,,
1302,MO,Pulaski,29169,2.0,2021-05-28,2.0,0.0
1303,MO,Pulaski,29169,1.0,2021-05-29,3.0,2.0
1304,MO,Pulaski,29169,1.0,2021-05-30,1.0,0.0
1305,MO,Pulaski,29169,1.0,2021-05-31,0.0,-1.0
1306,MO,Pulaski,29169,1.0,2021-06-01,,
1307,MO,Pulaski,29169,1.0,2021-06-02,,
1308,MO,Pulaski,29169,1.0,2021-06-03,,
1309,MO,Putnam,29171,4.0,2021-05-28,6.0,2.0
1310,MO,Putnam,29171,4.0,2021-05-29,12.0,8.0
1311,MO,Putnam,29171,4.0,2021-05-30,1.0,-3.0
1312,MO,Putnam,29171,4.0,2021-05-31,0.0,-4.0
1313,MO,Putnam,29171,3.0,2021-06-01,,
1314,MO,Putnam,29171,4.0,2021-06-02,,
1315,MO,Putnam,29171,4.0,2021-06-03,,
1316,MO,Ralls,29173,1.0,2021-05-28,0.0,-1.0
1317,MO,Ralls,29173,0.0,2021-05-29,0.0,0.0
1318,MO,Ralls,29173,1.0,2021-05-30,0.0,-1.0
1319,MO,Ralls,29173,1.0,2021-05-31,0.0,-1.0
1320,MO,Ralls,29173,1.0,2021-06-01,,
1321,MO,Ralls,29173,1.0,2021-06-02,,
1322,MO,Ralls,29173,0.0,2021-06-03,,
1323,MO,Randolph,29175,1.0,2021-05-28,2.0,1.0
1324,MO,Randolph,29175,1.0,2021-05-29,0.0,-1.0
1325,MO,Randolph,29175,1.0,2021-05-30,1.0,0.0
1326,MO,Randolph,29175,1.0,2021-05-31,1.0,0.0
1327,MO,Randolph,29175,1.0,2021-06-01,,
1328,MO,Randolph,29175,1.0,2021-06-02,,
1329,MO,Randolph,29175,1.0,2021-06-03,,
1330,MO,Ray,29177,2.0,2021-05-28,2.0,0.0
1331,MO,Ray,29177,2.0,2021-05-29,1.0,-1.0
1332,MO,Ray,29177,2.0,2021-05-30,1.0,-1.0
1333,MO,Ray,29177,2.0,2021-05-31,0.0,-2.0
1334,MO,Ray,29177,2.0,2021-06-01,,
1335,MO,Ray,29177,2.0,2021-06-02,,
1336,MO,Ray,29177,2.0,2021-06-03,,
1337,MO,Reynolds,29179,0.0,2021-05-28,0.0,0.0
1338,MO,Reynolds,29179,0.0,2021-05-29,0.0,0.0
1339,MO,Reynolds,29179,0.0,2021-05-30,0.0,0.0
1340,MO,Reynolds,29179,0.0,2021-05-31,0.0,0.0
1341,MO,Reynolds,29179,0.0,2021-06-01,,
1342,MO,Reynolds,29179,0.0,2021-06-02,,
1343,MO,Reynolds,29179,1.0,2021-06-03,,
1344,MO,Ripley,29181,1.0,2021-05-28,0.0,-1.0
1345,MO,Ripley,29181,1.0,2021-05-29,2.0,1.0
1346,MO,Ripley,29181,1.0,2021-05-30,1.0,0.0
1347,MO,Ripley,29181,2.0,2021-05-31,0.0,-2.0
1348,MO,Ripley,29181,1.0,2021-06-01,,
1349,MO,Ripley,29181,1.0,2021-06-02,,
1350,MO,Ripley,29181,2.0,2021-06-03,,
1351,MO,St. Charles,29183,33.0,2021-05-28,33.0,0.0
1352,MO,St. Charles,29183,35.0,2021-05-29,46.0,11.0
1353,MO,St. Charles,29183,34.0,2021-05-30,33.0,-1.0
1354,MO,St. Charles,29183,26.0,2021-05-31,1.0,-25.0
1355,MO,St. Charles,29183,27.0,2021-06-01,,
1356,MO,St. Charles,29183,31.0,2021-06-02,,
1357,MO,St. Charles,29183,28.0,2021-06-03,,
1358,MO,St. Clair,29185,0.0,2021-05-28,1.0,1.0
1359,MO,St. Clair,29185,0.0,2021-05-29,0.0,0.0
1360,MO,St. Clair,29185,1.0,2021-05-30,0.0,-1.0
1361,MO,St. Clair,29185,0.0,2021-05-31,0.0,0.0
1362,MO,St. Clair,29185,0.0,2021-06-01,,
1363,MO,St. Clair,29185,1.0,2021-06-02,,
1364,MO,St. Clair,29185,0.0,2021-06-03,,
1365,MO,Ste. Genevieve,29186,1.0,2021-05-28,1.0,0.0
1366,MO,Ste. Genevieve,29186,1.0,2021-05-29,0.0,-1.0
1367,MO,Ste. Genevieve,29186,1.0,2021-05-30,0.0,-1.0
1368,MO,Ste. Genevieve,29186,1.0,2021-05-31,1.0,0.0
1369,MO,Ste. Genevieve,29186,1.0,2021-06-01,,
1370,MO,Ste. Genevieve,29186,1.0,2021-06-02,,
1371,MO,Ste. Genevieve,29186,1.0,2021-06-03,,
1372,MO,St. Francois,29187,6.0,2021-05-28,3.0,-3.0
1373,MO,St. Francois,29187,6.0,2021-05-29,3.0,-3.0
1374,MO,St. Francois,29187,5.0,2021-05-30,0.0,-5.0
1375,MO,St. Francois,29187,5.0,2021-05-31,4.0,-1.0
1376,MO,St. Francois,29187,5.0,2021-06-01,,
1377,MO,St. Francois,29187,5.0,2021-06-02,,
1378,MO,St. Francois,29187,5.0,2021-06-03,,
1379,MO,St. Louis,29189,100.0,2021-05-28,52.0,-48.0
1380,MO,St. Louis,29189,76.0,2021-05-29,37.0,-39.0
1381,MO,St. Louis,29189,70.0,2021-05-30,24.0,-46.0
1382,MO,St. Louis,29189,70.0,2021-05-31,23.0,-47.0
1383,MO,St. Louis,29189,75.0,2021-06-01,,
1384,MO,St. Louis,29189,71.0,2021-06-02,,
1385,MO,St. Louis,29189,70.0,2021-06-03,,
1386,MO,Saline,29195,1.0,2021-05-28,-1.0,-2.0
1387,MO,Saline,29195,1.0,2021-05-29,0.0,-1.0
1388,MO,Saline,29195,1.0,2021-05-30,0.0,-1.0
1389,MO,Saline,29195,1.0,2021-05-31,0.0,-1.0
1390,MO,Saline,29195,1.0,2021-06-01,,
1391,MO,Saline,29195,1.0,2021-06-02,,
1392,MO,Saline,29195,1.0,2021-06-03,,
1393,MO,Schuyler,29197,0.0,2021-05-28,0.0,0.0
1394,MO,Schuyler,29197,0.0,2021-05-29,0.0,0.0
1395,MO,Schuyler,29197,0.0,2021-05-30,0.0,0.0
1396,MO,Schuyler,29197,0.0,2021-05-31,0.0,0.0
1397,MO,Schuyler,29197,1.0,2021-06-01,,
1398,MO,Schuyler,29197,0.0,2021-06-02,,
1399,MO,Schuyler,29197,0.0,2021-06-03,,
1400,MO,Scotland,29199,0.0,2021-05-28,0.0,0.0
1401,MO,Scotland,29199,0.0,2021-05-29,0.0,0.0
1402,MO,Scotland,29199,0.0,2021-05-30,0.0,0.0
1403,MO,Scotland,29199,0.0,2021-05-31,0.0,0.0
1404,MO,Scotland,29199,0.0,2021-06-01,,
1405,MO,Scotland,29199,0.0,2021-06-02,,
1406,MO,Scotland,29199,0.0,2021-06-03,,
1407,MO,Scott,29201,2.0,2021-05-28,3.0,1.0
1408,MO,Scott,29201,2.0,2021-05-29,2.0,0.0
1409,MO,Scott,29201,2.0,2021-05-30,0.0,-2.0
1410,MO,Scott,29201,2.0,2021-05-31,0.0,-2.0
1411,MO,Scott,29201,2.0,2021-06-01,,
1412,MO,Scott,29201,1.0,2021-06-02,,
1413,MO,Scott,29201,2.0,2021-06-03,,
1414,MO,Shannon,29203,0.0,2021-05-28,0.0,0.0
1415,MO,Shannon,29203,0.0,2021-05-29,0.0,0.0
1416,MO,Shannon,29203,0.0,2021-05-30,0.0,0.0
1417,MO,Shannon,29203,0.0,2021-05-31,0.0,0.0
1418,MO,Shannon,29203,0.0,2021-06-01,,
1419,MO,Shannon,29203,0.0,2021-06-02,,
1420,MO,Shannon,29203,0.0,2021-06-03,,
1421,MO,Shelby,29205,2.0,2021-05-28,2.0,0.0
1422,MO,Shelby,29205,3.0,2021-05-29,0.0,-3.0
1423,MO,Shelby,29205,2.0,2021-05-30,0.0,-2.0
1424,MO,Shelby,29205,2.0,2021-05-31,0.0,-2.0
1425,MO,Shelby,29205,2.0,2021-06-01,,
1426,MO,Shelby,29205,3.0,2021-06-02,,
1427,MO,Shelby,29205,3.0,2021-06-03,,
1428,MO,Stoddard,29207,2.0,2021-05-28,1.0,-1.0
1429,MO,Stoddard,29207,1.0,2021-05-29,0.0,-1.0
1430,MO,Stoddard,29207,1.0,2021-05-30,0.0,-1.0
1431,MO,Stoddard,29207,1.0,2021-05-31,0.0,-1.0
1432,MO,Stoddard,29207,1.0,2021-06-01,,
1433,MO,Stoddard,29207,1.0,2021-06-02,,
1434,MO,Stoddard,29207,1.0,2021-06-03,,
1435,MO,Stone,29209,3.0,2021-05-28,5.0,2.0
1436,MO,Stone,29209,2.0,2021-05-29,4.0,2.0
1437,MO,Stone,29209,2.0,2021-05-30,1.0,-1.0
1438,MO,Stone,29209,2.0,2021-05-31,0.0,-2.0
1439,MO,Stone,29209,3.0,2021-06-01,,
1440,MO,Stone,29209,3.0,2021-06-02,,
1441,MO,Stone,29209,2.0,2021-06-03,,
1442,MO,Sullivan,29211,0.0,2021-05-28,2.0,2.0
1443,MO,Sullivan,29211,0.0,2021-05-29,0.0,0.0
1444,MO,Sullivan,29211,0.0,2021-05-30,3.0,3.0
1445,MO,Sullivan,29211,0.0,2021-05-31,0.0,0.0
1446,MO,Sullivan,29211,0.0,2021-06-01,,
1447,MO,Sullivan,29211,0.0,2021-06-02,,
1448,MO,Sullivan,29211,0.0,2021-06-03,,
1449,MO,Taney,29213,5.0,2021-05-28,15.0,10.0
1450,MO,Taney,29213,5.0,2021-05-29,5.0,0.0
1451,MO,Taney,29213,5.0,2021-05-30,8.0,3.0
1452,MO,Taney,29213,5.0,2021-05-31,7.0,2.0
1453,MO,Taney,29213,7.0,2021-06-01,,
1454,MO,Taney,29213,7.0,2021-06-02,,
1455,MO,Taney,29213,8.0,2021-06-03,,
1456,MO,Texas,29215,2.0,2021-05-28,5.0,3.0
1457,MO,Texas,29215,1.0,2021-05-29,3.0,2.0
1458,MO,Texas,29215,1.0,2021-05-30,1.0,0.0
1459,MO,Texas,29215,1.0,2021-05-31,1.0,0.0
1460,MO,Texas,29215,4.0,2021-06-01,,
1461,MO,Texas,29215,2.0,2021-06-02,,
1462,MO,Texas,29215,2.0,2021-06-03,,
1463,MO,Vernon,29217,1.0,2021-05-28,0.0,-1.0
1464,MO,Vernon,29217,1.0,2021-05-29,2.0,1.0
1465,MO,Vernon,29217,1.0,2021-05-30,0.0,-1.0
1466,MO,Vernon,29217,1.0,2021-05-31,1.0,0.0
1467,MO,Vernon,29217,1.0,2021-06-01,,
1468,MO,Vernon,29217,1.0,2021-06-02,,
1469,MO,Vernon,29217,1.0,2021-06-03,,
1470,MO,Warren,29219,4.0,2021-05-28,5.0,1.0
1471,MO,Warren,29219,4.0,2021-05-29,3.0,-1.0
1472,MO,Warren,29219,4.0,2021-05-30,1.0,-3.0
1473,MO,Warren,29219,4.0,2021-05-31,0.0,-4.0
1474,MO,Warren,29219,4.0,2021-06-01,,
1475,MO,Warren,29219,4.0,2021-06-02,,
1476,MO,Warren,29219,4.0,2021-06-03,,
1477,MO,Washington,29221,1.0,2021-05-28,1.0,0.0
1478,MO,Washington,29221,1.0,2021-05-29,1.0,0.0
1479,MO,Washington,29221,2.0,2021-05-30,2.0,0.0
1480,MO,Washington,29221,2.0,2021-05-31,0.0,-2.0
1481,MO,Washington,29221,2.0,2021-06-01,,
1482,MO,Washington,29221,2.0,2021-06-02,,
1483,MO,Washington,29221,2.0,2021-06-03,,
1484,MO,Wayne,29223,0.0,2021-05-28,0.0,0.0
1485,MO,Wayne,29223,0.0,2021-05-29,0.0,0.0
1486,MO,Wayne,29223,0.0,2021-05-30,0.0,0.0
1487,MO,Wayne,29223,0.0,2021-05-31,0.0,0.0
1488,MO,Wayne,29223,0.0,2021-06-01,,
1489,MO,Wayne,29223,0.0,2021-06-02,,
1490,MO,Wayne,29223,0.0,2021-06-03,,
1491,MO,Webster,29225,3.0,2021-05-28,14.0,11.0
1492,MO,Webster,29225,3.0,2021-05-29,8.0,5.0
1493,MO,Webster,29225,3.0,2021-05-30,2.0,-1.0
1494,MO,Webster,29225,3.0,2021-05-31,6.0,3.0
1495,MO,Webster,29225,3.0,2021-06-01,,
1496,MO,Webster,29225,3.0,2021-06-02,,
1497,MO,Webster,29225,5.0,2021-06-03,,
1498,MO,Worth,29227,0.0,2021-05-28,0.0,0.0
1499,MO,Worth,29227,0.0,2021-05-29,0.0,0.0
1500,MO,Worth,29227,0.0,2021-05-30,0.0,0.0
1501,MO,Worth,29227,0.0,2021-05-31,0.0,0.0
1502,MO,Worth,29227,0.0,2021-06-01,,
1503,MO,Worth,29227,0.0,2021-06-02,,
1504,MO,Worth,29227,0.0,2021-06-03,,
1505,MO,Wright,29229,2.0,2021-05-28,3.0,1.0
1506,MO,Wright,29229,2.0,2021-05-29,1.0,-1.0
1507,MO,Wright,29229,2.0,2021-05-30,1.0,-1.0
1508,MO,Wright,29229,2.0,2021-05-31,2.0,0.0
1509,MO,Wright,29229,2.0,2021-06-01,,
1510,MO,Wright,29229,3.0,2021-06-02,,
1511,MO,Wright,29229,2.0,2021-06-03,,
1512,MO,St. Louis city,29510,26.0,2021-05-28,0.0,-26.0
1513,MO,St. Louis city,29510,25.0,2021-05-29,20.0,-5.0
1514,MO,St. Louis city,29510,26.0,2021-05-30,12.0,-14.0
1515,MO,St. Louis city,29510,24.0,2021-05-31,22.0,-2.0
1516,MO,St. Louis city,29510,23.0,2021-06-01,,
1517,MO,St. Louis city,29510,26.0,2021-06-02,,
1518,MO,St. Louis city,29510,27.0,2021-06-03,,
1519,OH,Adams,39001,2.0,2021-05-28,2.0,0.0
1520,OH,Adams,39001,2.0,2021-05-29,1.0,-1.0
1521,OH,Adams,39001,2.0,2021-05-30,0.0,-2.0
1522,OH,Adams,39001,2.0,2021-05-31,0.0,-2.0
1523,OH,Adams,39001,2.0,2021-06-01,,
1524,OH,Adams,39001,2.0,2021-06-02,,
1525,OH,Adams,39001,2.0,2021-06-03,,
1526,OH,Allen,39003,10.0,2021-05-28,12.0,2.0
1527,OH,Allen,39003,9.0,2021-05-29,9.0,0.0
1528,OH,Allen,39003,8.0,2021-05-30,8.0,0.0
1529,OH,Allen,39003,8.0,2021-05-31,0.0,-8.0
1530,OH,Allen,39003,9.0,2021-06-01,,
1531,OH,Allen,39003,9.0,2021-06-02,,
1532,OH,Allen,39003,9.0,2021-06-03,,
1533,OH,Ashland,39005,6.0,2021-05-28,7.0,1.0
1534,OH,Ashland,39005,6.0,2021-05-29,6.0,0.0
1535,OH,Ashland,39005,5.0,2021-05-30,1.0,-4.0
1536,OH,Ashland,39005,5.0,2021-05-31,0.0,-5.0
1537,OH,Ashland,39005,5.0,2021-06-01,,
1538,OH,Ashland,39005,6.0,2021-06-02,,
1539,OH,Ashland,39005,4.0,2021-06-03,,
1540,OH,Ashtabula,39007,11.0,2021-05-28,8.0,-3.0
1541,OH,Ashtabula,39007,11.0,2021-05-29,15.0,4.0
1542,OH,Ashtabula,39007,11.0,2021-05-30,10.0,-1.0
1543,OH,Ashtabula,39007,11.0,2021-05-31,0.0,-11.0
1544,OH,Ashtabula,39007,11.0,2021-06-01,,
1545,OH,Ashtabula,39007,12.0,2021-06-02,,
1546,OH,Ashtabula,39007,11.0,2021-06-03,,
1547,OH,Athens,39009,2.0,2021-05-28,2.0,0.0
1548,OH,Athens,39009,2.0,2021-05-29,2.0,0.0
1549,OH,Athens,39009,2.0,2021-05-30,1.0,-1.0
1550,OH,Athens,39009,2.0,2021-05-31,0.0,-2.0
1551,OH,Athens,39009,2.0,2021-06-01,,
1552,OH,Athens,39009,2.0,2021-06-02,,
1553,OH,Athens,39009,2.0,2021-06-03,,
1554,OH,Auglaize,39011,3.0,2021-05-28,1.0,-2.0
1555,OH,Auglaize,39011,4.0,2021-05-29,1.0,-3.0
1556,OH,Auglaize,39011,3.0,2021-05-30,0.0,-3.0
1557,OH,Auglaize,39011,3.0,2021-05-31,0.0,-3.0
1558,OH,Auglaize,39011,3.0,2021-06-01,,
1559,OH,Auglaize,39011,3.0,2021-06-02,,
1560,OH,Auglaize,39011,4.0,2021-06-03,,
1561,OH,Belmont,39013,11.0,2021-05-28,2.0,-9.0
1562,OH,Belmont,39013,12.0,2021-05-29,4.0,-8.0
1563,OH,Belmont,39013,11.0,2021-05-30,4.0,-7.0
1564,OH,Belmont,39013,11.0,2021-05-31,0.0,-11.0
1565,OH,Belmont,39013,9.0,2021-06-01,,
1566,OH,Belmont,39013,9.0,2021-06-02,,
1567,OH,Belmont,39013,9.0,2021-06-03,,
1568,OH,Brown,39015,3.0,2021-05-28,1.0,-2.0
1569,OH,Brown,39015,3.0,2021-05-29,1.0,-2.0
1570,OH,Brown,39015,3.0,2021-05-30,2.0,-1.0
1571,OH,Brown,39015,3.0,2021-05-31,0.0,-3.0
1572,OH,Brown,39015,3.0,2021-06-01,,
1573,OH,Brown,39015,3.0,2021-06-02,,
1574,OH,Brown,39015,3.0,2021-06-03,,
1575,OH,Butler,39017,22.0,2021-05-28,13.0,-9.0
1576,OH,Butler,39017,21.0,2021-05-29,32.0,11.0
1577,OH,Butler,39017,20.0,2021-05-30,12.0,-8.0
1578,OH,Butler,39017,19.0,2021-05-31,0.0,-19.0
1579,OH,Butler,39017,18.0,2021-06-01,,
1580,OH,Butler,39017,23.0,2021-06-02,,
1581,OH,Butler,39017,19.0,2021-06-03,,
1582,OH,Carroll,39019,1.0,2021-05-28,0.0,-1.0
1583,OH,Carroll,39019,1.0,2021-05-29,2.0,1.0
1584,OH,Carroll,39019,2.0,2021-05-30,0.0,-2.0
1585,OH,Carroll,39019,2.0,2021-05-31,0.0,-2.0
1586,OH,Carroll,39019,1.0,2021-06-01,,
1587,OH,Carroll,39019,2.0,2021-06-02,,
1588,OH,Carroll,39019,2.0,2021-06-03,,
1589,OH,Champaign,39021,5.0,2021-05-28,2.0,-3.0
1590,OH,Champaign,39021,5.0,2021-05-29,5.0,0.0
1591,OH,Champaign,39021,5.0,2021-05-30,1.0,-4.0
1592,OH,Champaign,39021,5.0,2021-05-31,0.0,-5.0
1593,OH,Champaign,39021,5.0,2021-06-01,,
1594,OH,Champaign,39021,6.0,2021-06-02,,
1595,OH,Champaign,39021,5.0,2021-06-03,,
1596,OH,Clark,39023,12.0,2021-05-28,3.0,-9.0
1597,OH,Clark,39023,11.0,2021-05-29,1.0,-10.0
1598,OH,Clark,39023,11.0,2021-05-30,1.0,-10.0
1599,OH,Clark,39023,11.0,2021-05-31,0.0,-11.0
1600,OH,Clark,39023,11.0,2021-06-01,,
1601,OH,Clark,39023,12.0,2021-06-02,,
1602,OH,Clark,39023,12.0,2021-06-03,,
1603,OH,Clermont,39025,15.0,2021-05-28,9.0,-6.0
1604,OH,Clermont,39025,17.0,2021-05-29,7.0,-10.0
1605,OH,Clermont,39025,15.0,2021-05-30,5.0,-10.0
1606,OH,Clermont,39025,15.0,2021-05-31,0.0,-15.0
1607,OH,Clermont,39025,15.0,2021-06-01,,
1608,OH,Clermont,39025,14.0,2021-06-02,,
1609,OH,Clermont,39025,13.0,2021-06-03,,
1610,OH,Clinton,39027,3.0,2021-05-28,4.0,1.0
1611,OH,Clinton,39027,3.0,2021-05-29,1.0,-2.0
1612,OH,Clinton,39027,3.0,2021-05-30,0.0,-3.0
1613,OH,Clinton,39027,4.0,2021-05-31,0.0,-4.0
1614,OH,Clinton,39027,3.0,2021-06-01,,
1615,OH,Clinton,39027,3.0,2021-06-02,,
1616,OH,Clinton,39027,3.0,2021-06-03,,
1617,OH,Columbiana,39029,9.0,2021-05-28,0.0,-9.0
1618,OH,Columbiana,39029,8.0,2021-05-29,8.0,0.0
1619,OH,Columbiana,39029,8.0,2021-05-30,6.0,-2.0
1620,OH,Columbiana,39029,9.0,2021-05-31,0.0,-9.0
1621,OH,Columbiana,39029,7.0,2021-06-01,,
1622,OH,Columbiana,39029,9.0,2021-06-02,,
1623,OH,Columbiana,39029,9.0,2021-06-03,,
1624,OH,Coshocton,39031,2.0,2021-05-28,4.0,2.0
1625,OH,Coshocton,39031,2.0,2021-05-29,0.0,-2.0
1626,OH,Coshocton,39031,2.0,2021-05-30,0.0,-2.0
1627,OH,Coshocton,39031,2.0,2021-05-31,0.0,-2.0
1628,OH,Coshocton,39031,2.0,2021-06-01,,
1629,OH,Coshocton,39031,2.0,2021-06-02,,
1630,OH,Coshocton,39031,2.0,2021-06-03,,
1631,OH,Crawford,39033,3.0,2021-05-28,0.0,-3.0
1632,OH,Crawford,39033,3.0,2021-05-29,0.0,-3.0
1633,OH,Crawford,39033,3.0,2021-05-30,1.0,-2.0
1634,OH,Crawford,39033,3.0,2021-05-31,0.0,-3.0
1635,OH,Crawford,39033,3.0,2021-06-01,,
1636,OH,Crawford,39033,3.0,2021-06-02,,
1637,OH,Crawford,39033,3.0,2021-06-03,,
1638,OH,Cuyahoga,39035,116.0,2021-05-28,121.0,5.0
1639,OH,Cuyahoga,39035,117.0,2021-05-29,116.0,-1.0
1640,OH,Cuyahoga,39035,121.0,2021-05-30,62.0,-59.0
1641,OH,Cuyahoga,39035,107.0,2021-05-31,0.0,-107.0
1642,OH,Cuyahoga,39035,107.0,2021-06-01,,
1643,OH,Cuyahoga,39035,109.0,2021-06-02,,
1644,OH,Cuyahoga,39035,97.0,2021-06-03,,
1645,OH,Darke,39037,4.0,2021-05-28,0.0,-4.0
1646,OH,Darke,39037,4.0,2021-05-29,-1.0,-5.0
1647,OH,Darke,39037,3.0,2021-05-30,1.0,-2.0
1648,OH,Darke,39037,3.0,2021-05-31,0.0,-3.0
1649,OH,Darke,39037,3.0,2021-06-01,,
1650,OH,Darke,39037,4.0,2021-06-02,,
1651,OH,Darke,39037,4.0,2021-06-03,,
1652,OH,Defiance,39039,4.0,2021-05-28,2.0,-2.0
1653,OH,Defiance,39039,5.0,2021-05-29,1.0,-4.0
1654,OH,Defiance,39039,5.0,2021-05-30,0.0,-5.0
1655,OH,Defiance,39039,5.0,2021-05-31,0.0,-5.0
1656,OH,Defiance,39039,4.0,2021-06-01,,
1657,OH,Defiance,39039,5.0,2021-06-02,,
1658,OH,Defiance,39039,5.0,2021-06-03,,
1659,OH,Delaware,39041,11.0,2021-05-28,6.0,-5.0
1660,OH,Delaware,39041,11.0,2021-05-29,5.0,-6.0
1661,OH,Delaware,39041,12.0,2021-05-30,4.0,-8.0
1662,OH,Delaware,39041,12.0,2021-05-31,0.0,-12.0
1663,OH,Delaware,39041,11.0,2021-06-01,,
1664,OH,Delaware,39041,11.0,2021-06-02,,
1665,OH,Delaware,39041,11.0,2021-06-03,,
1666,OH,Erie,39043,9.0,2021-05-28,7.0,-2.0
1667,OH,Erie,39043,9.0,2021-05-29,3.0,-6.0
1668,OH,Erie,39043,7.0,2021-05-30,2.0,-5.0
1669,OH,Erie,39043,8.0,2021-05-31,0.0,-8.0
1670,OH,Erie,39043,7.0,2021-06-01,,
1671,OH,Erie,39043,8.0,2021-06-02,,
1672,OH,Erie,39043,6.0,2021-06-03,,
1673,OH,Fairfield,39045,14.0,2021-05-28,9.0,-5.0
1674,OH,Fairfield,39045,15.0,2021-05-29,7.0,-8.0
1675,OH,Fairfield,39045,14.0,2021-05-30,9.0,-5.0
1676,OH,Fairfield,39045,12.0,2021-05-31,0.0,-12.0
1677,OH,Fairfield,39045,12.0,2021-06-01,,
1678,OH,Fairfield,39045,13.0,2021-06-02,,
1679,OH,Fairfield,39045,11.0,2021-06-03,,
1680,OH,Fayette,39047,2.0,2021-05-28,-1.0,-3.0
1681,OH,Fayette,39047,2.0,2021-05-29,2.0,0.0
1682,OH,Fayette,39047,2.0,2021-05-30,0.0,-2.0
1683,OH,Fayette,39047,2.0,2021-05-31,0.0,-2.0
1684,OH,Fayette,39047,2.0,2021-06-01,,
1685,OH,Fayette,39047,2.0,2021-06-02,,
1686,OH,Fayette,39047,2.0,2021-06-03,,
1687,OH,Franklin,39049,93.0,2021-05-28,65.0,-28.0
1688,OH,Franklin,39049,100.0,2021-05-29,55.0,-45.0
1689,OH,Franklin,39049,90.0,2021-05-30,51.0,-39.0
1690,OH,Franklin,39049,88.0,2021-05-31,0.0,-88.0
1691,OH,Franklin,39049,87.0,2021-06-01,,
1692,OH,Franklin,39049,100.0,2021-06-02,,
1693,OH,Franklin,39049,86.0,2021-06-03,,
1694,OH,Fulton,39051,5.0,2021-05-28,0.0,-5.0
1695,OH,Fulton,39051,5.0,2021-05-29,1.0,-4.0
1696,OH,Fulton,39051,5.0,2021-05-30,0.0,-5.0
1697,OH,Fulton,39051,5.0,2021-05-31,0.0,-5.0
1698,OH,Fulton,39051,5.0,2021-06-01,,
1699,OH,Fulton,39051,5.0,2021-06-02,,
1700,OH,Fulton,39051,4.0,2021-06-03,,
1701,OH,Gallia,39053,2.0,2021-05-28,0.0,-2.0
1702,OH,Gallia,39053,2.0,2021-05-29,0.0,-2.0
1703,OH,Gallia,39053,2.0,2021-05-30,1.0,-1.0
1704,OH,Gallia,39053,2.0,2021-05-31,0.0,-2.0
1705,OH,Gallia,39053,2.0,2021-06-01,,
1706,OH,Gallia,39053,2.0,2021-06-02,,
1707,OH,Gallia,39053,2.0,2021-06-03,,
1708,OH,Geauga,39055,6.0,2021-05-28,6.0,0.0
1709,OH,Geauga,39055,6.0,2021-05-29,4.0,-2.0
1710,OH,Geauga,39055,6.0,2021-05-30,3.0,-3.0
1711,OH,Geauga,39055,8.0,2021-05-31,0.0,-8.0
1712,OH,Geauga,39055,5.0,2021-06-01,,
1713,OH,Geauga,39055,6.0,2021-06-02,,
1714,OH,Geauga,39055,5.0,2021-06-03,,
1715,OH,Greene,39057,11.0,2021-05-28,2.0,-9.0
1716,OH,Greene,39057,11.0,2021-05-29,3.0,-8.0
1717,OH,Greene,39057,10.0,2021-05-30,4.0,-6.0
1718,OH,Greene,39057,10.0,2021-05-31,0.0,-10.0
1719,OH,Greene,39057,10.0,2021-06-01,,
1720,OH,Greene,39057,10.0,2021-06-02,,
1721,OH,Greene,39057,9.0,2021-06-03,,
1722,OH,Guernsey,39059,5.0,2021-05-28,-1.0,-6.0
1723,OH,Guernsey,39059,4.0,2021-05-29,2.0,-2.0
1724,OH,Guernsey,39059,4.0,2021-05-30,1.0,-3.0
1725,OH,Guernsey,39059,4.0,2021-05-31,0.0,-4.0
1726,OH,Guernsey,39059,4.0,2021-06-01,,
1727,OH,Guernsey,39059,3.0,2021-06-02,,
1728,OH,Guernsey,39059,3.0,2021-06-03,,
1729,OH,Hamilton,39061,58.0,2021-05-28,37.0,-21.0
1730,OH,Hamilton,39061,59.0,2021-05-29,28.0,-31.0
1731,OH,Hamilton,39061,57.0,2021-05-30,15.0,-42.0
1732,OH,Hamilton,39061,56.0,2021-05-31,0.0,-56.0
1733,OH,Hamilton,39061,55.0,2021-06-01,,
1734,OH,Hamilton,39061,58.0,2021-06-02,,
1735,OH,Hamilton,39061,52.0,2021-06-03,,
1736,OH,Hancock,39063,6.0,2021-05-28,0.0,-6.0
1737,OH,Hancock,39063,6.0,2021-05-29,1.0,-5.0
1738,OH,Hancock,39063,5.0,2021-05-30,0.0,-5.0
1739,OH,Hancock,39063,5.0,2021-05-31,0.0,-5.0
1740,OH,Hancock,39063,5.0,2021-06-01,,
1741,OH,Hancock,39063,5.0,2021-06-02,,
1742,OH,Hancock,39063,5.0,2021-06-03,,
1743,OH,Hardin,39065,2.0,2021-05-28,-1.0,-3.0
1744,OH,Hardin,39065,2.0,2021-05-29,0.0,-2.0
1745,OH,Hardin,39065,2.0,2021-05-30,3.0,1.0
1746,OH,Hardin,39065,2.0,2021-05-31,0.0,-2.0
1747,OH,Hardin,39065,2.0,2021-06-01,,
1748,OH,Hardin,39065,2.0,2021-06-02,,
1749,OH,Hardin,39065,2.0,2021-06-03,,
1750,OH,Harrison,39067,2.0,2021-05-28,0.0,-2.0
1751,OH,Harrison,39067,2.0,2021-05-29,1.0,-1.0
1752,OH,Harrison,39067,2.0,2021-05-30,1.0,-1.0
1753,OH,Harrison,39067,2.0,2021-05-31,0.0,-2.0
1754,OH,Harrison,39067,2.0,2021-06-01,,
1755,OH,Harrison,39067,2.0,2021-06-02,,
1756,OH,Harrison,39067,3.0,2021-06-03,,
1757,OH,Henry,39069,3.0,2021-05-28,0.0,-3.0
1758,OH,Henry,39069,3.0,2021-05-29,0.0,-3.0
1759,OH,Henry,39069,2.0,2021-05-30,0.0,-2.0
1760,OH,Henry,39069,2.0,2021-05-31,0.0,-2.0
1761,OH,Henry,39069,3.0,2021-06-01,,
1762,OH,Henry,39069,2.0,2021-06-02,,
1763,OH,Henry,39069,2.0,2021-06-03,,
1764,OH,Highland,39071,3.0,2021-05-28,1.0,-2.0
1765,OH,Highland,39071,3.0,2021-05-29,2.0,-1.0
1766,OH,Highland,39071,2.0,2021-05-30,3.0,1.0
1767,OH,Highland,39071,3.0,2021-05-31,0.0,-3.0
1768,OH,Highland,39071,2.0,2021-06-01,,
1769,OH,Highland,39071,2.0,2021-06-02,,
1770,OH,Highland,39071,2.0,2021-06-03,,
1771,OH,Hocking,39073,2.0,2021-05-28,2.0,0.0
1772,OH,Hocking,39073,3.0,2021-05-29,0.0,-3.0
1773,OH,Hocking,39073,2.0,2021-05-30,0.0,-2.0
1774,OH,Hocking,39073,2.0,2021-05-31,0.0,-2.0
1775,OH,Hocking,39073,2.0,2021-06-01,,
1776,OH,Hocking,39073,2.0,2021-06-02,,
1777,OH,Hocking,39073,2.0,2021-06-03,,
1778,OH,Holmes,39075,2.0,2021-05-28,1.0,-1.0
1779,OH,Holmes,39075,3.0,2021-05-29,2.0,-1.0
1780,OH,Holmes,39075,2.0,2021-05-30,1.0,-1.0
1781,OH,Holmes,39075,3.0,2021-05-31,0.0,-3.0
1782,OH,Holmes,39075,3.0,2021-06-01,,
1783,OH,Holmes,39075,3.0,2021-06-02,,
1784,OH,Holmes,39075,3.0,2021-06-03,,
1785,OH,Huron,39077,4.0,2021-05-28,2.0,-2.0
1786,OH,Huron,39077,4.0,2021-05-29,2.0,-2.0
1787,OH,Huron,39077,4.0,2021-05-30,0.0,-4.0
1788,OH,Huron,39077,3.0,2021-05-31,0.0,-3.0
1789,OH,Huron,39077,4.0,2021-06-01,,
1790,OH,Huron,39077,4.0,2021-06-02,,
1791,OH,Huron,39077,3.0,2021-06-03,,
1792,OH,Jackson,39079,3.0,2021-05-28,1.0,-2.0
1793,OH,Jackson,39079,3.0,2021-05-29,1.0,-2.0
1794,OH,Jackson,39079,3.0,2021-05-30,0.0,-3.0
1795,OH,Jackson,39079,3.0,2021-05-31,0.0,-3.0
1796,OH,Jackson,39079,2.0,2021-06-01,,
1797,OH,Jackson,39079,2.0,2021-06-02,,
1798,OH,Jackson,39079,2.0,2021-06-03,,
1799,OH,Jefferson,39081,6.0,2021-05-28,2.0,-4.0
1800,OH,Jefferson,39081,5.0,2021-05-29,5.0,0.0
1801,OH,Jefferson,39081,5.0,2021-05-30,1.0,-4.0
1802,OH,Jefferson,39081,5.0,2021-05-31,0.0,-5.0
1803,OH,Jefferson,39081,8.0,2021-06-01,,
1804,OH,Jefferson,39081,6.0,2021-06-02,,
1805,OH,Jefferson,39081,5.0,2021-06-03,,
1806,OH,Knox,39083,3.0,2021-05-28,2.0,-1.0
1807,OH,Knox,39083,3.0,2021-05-29,3.0,0.0
1808,OH,Knox,39083,3.0,2021-05-30,1.0,-2.0
1809,OH,Knox,39083,3.0,2021-05-31,0.0,-3.0
1810,OH,Knox,39083,3.0,2021-06-01,,
1811,OH,Knox,39083,4.0,2021-06-02,,
1812,OH,Knox,39083,5.0,2021-06-03,,
1813,OH,Lake,39085,20.0,2021-05-28,21.0,1.0
1814,OH,Lake,39085,20.0,2021-05-29,7.0,-13.0
1815,OH,Lake,39085,20.0,2021-05-30,10.0,-10.0
1816,OH,Lake,39085,18.0,2021-05-31,0.0,-18.0
1817,OH,Lake,39085,18.0,2021-06-01,,
1818,OH,Lake,39085,18.0,2021-06-02,,
1819,OH,Lake,39085,15.0,2021-06-03,,
1820,OH,Lawrence,39087,5.0,2021-05-28,8.0,3.0
1821,OH,Lawrence,39087,5.0,2021-05-29,-1.0,-6.0
1822,OH,Lawrence,39087,5.0,2021-05-30,0.0,-5.0
1823,OH,Lawrence,39087,5.0,2021-05-31,0.0,-5.0
1824,OH,Lawrence,39087,6.0,2021-06-01,,
1825,OH,Lawrence,39087,5.0,2021-06-02,,
1826,OH,Lawrence,39087,6.0,2021-06-03,,
1827,OH,Licking,39089,11.0,2021-05-28,4.0,-7.0
1828,OH,Licking,39089,11.0,2021-05-29,2.0,-9.0
1829,OH,Licking,39089,11.0,2021-05-30,3.0,-8.0
1830,OH,Licking,39089,11.0,2021-05-31,0.0,-11.0
1831,OH,Licking,39089,11.0,2021-06-01,,
1832,OH,Licking,39089,11.0,2021-06-02,,
1833,OH,Licking,39089,9.0,2021-06-03,,
1834,OH,Logan,39091,3.0,2021-05-28,0.0,-3.0
1835,OH,Logan,39091,3.0,2021-05-29,0.0,-3.0
1836,OH,Logan,39091,4.0,2021-05-30,1.0,-3.0
1837,OH,Logan,39091,4.0,2021-05-31,0.0,-4.0
1838,OH,Logan,39091,4.0,2021-06-01,,
1839,OH,Logan,39091,4.0,2021-06-02,,
1840,OH,Logan,39091,5.0,2021-06-03,,
1841,OH,Lorain,39093,25.0,2021-05-28,18.0,-7.0
1842,OH,Lorain,39093,24.0,2021-05-29,15.0,-9.0
1843,OH,Lorain,39093,23.0,2021-05-30,9.0,-14.0
1844,OH,Lorain,39093,24.0,2021-05-31,0.0,-24.0
1845,OH,Lorain,39093,24.0,2021-06-01,,
1846,OH,Lorain,39093,27.0,2021-06-02,,
1847,OH,Lorain,39093,21.0,2021-06-03,,
1848,OH,Lucas,39095,47.0,2021-05-28,52.0,5.0
1849,OH,Lucas,39095,45.0,2021-05-29,15.0,-30.0
1850,OH,Lucas,39095,41.0,2021-05-30,13.0,-28.0
1851,OH,Lucas,39095,39.0,2021-05-31,0.0,-39.0
1852,OH,Lucas,39095,42.0,2021-06-01,,
1853,OH,Lucas,39095,38.0,2021-06-02,,
1854,OH,Lucas,39095,35.0,2021-06-03,,
1855,OH,Madison,39097,5.0,2021-05-28,1.0,-4.0
1856,OH,Madison,39097,5.0,2021-05-29,1.0,-4.0
1857,OH,Madison,39097,6.0,2021-05-30,1.0,-5.0
1858,OH,Madison,39097,5.0,2021-05-31,0.0,-5.0
1859,OH,Madison,39097,4.0,2021-06-01,,
1860,OH,Madison,39097,4.0,2021-06-02,,
1861,OH,Madison,39097,4.0,2021-06-03,,
1862,OH,Mahoning,39099,28.0,2021-05-28,34.0,6.0
1863,OH,Mahoning,39099,30.0,2021-05-29,15.0,-15.0
1864,OH,Mahoning,39099,30.0,2021-05-30,13.0,-17.0
1865,OH,Mahoning,39099,27.0,2021-05-31,0.0,-27.0
1866,OH,Mahoning,39099,23.0,2021-06-01,,
1867,OH,Mahoning,39099,30.0,2021-06-02,,
1868,OH,Mahoning,39099,23.0,2021-06-03,,
1869,OH,Marion,39101,4.0,2021-05-28,1.0,-3.0
1870,OH,Marion,39101,5.0,2021-05-29,4.0,-1.0
1871,OH,Marion,39101,4.0,2021-05-30,0.0,-4.0
1872,OH,Marion,39101,4.0,2021-05-31,0.0,-4.0
1873,OH,Marion,39101,7.0,2021-06-01,,
1874,OH,Marion,39101,5.0,2021-06-02,,
1875,OH,Marion,39101,5.0,2021-06-03,,
1876,OH,Medina,39103,12.0,2021-05-28,9.0,-3.0
1877,OH,Medina,39103,12.0,2021-05-29,12.0,0.0
1878,OH,Medina,39103,13.0,2021-05-30,2.0,-11.0
1879,OH,Medina,39103,13.0,2021-05-31,0.0,-13.0
1880,OH,Medina,39103,12.0,2021-06-01,,
1881,OH,Medina,39103,12.0,2021-06-02,,
1882,OH,Medina,39103,13.0,2021-06-03,,
1883,OH,Meigs,39105,1.0,2021-05-28,-2.0,-3.0
1884,OH,Meigs,39105,1.0,2021-05-29,2.0,1.0
1885,OH,Meigs,39105,1.0,2021-05-30,0.0,-1.0
1886,OH,Meigs,39105,1.0,2021-05-31,0.0,-1.0
1887,OH,Meigs,39105,1.0,2021-06-01,,
1888,OH,Meigs,39105,1.0,2021-06-02,,
1889,OH,Meigs,39105,1.0,2021-06-03,,
1890,OH,Mercer,39107,3.0,2021-05-28,3.0,0.0
1891,OH,Mercer,39107,3.0,2021-05-29,11.0,8.0
1892,OH,Mercer,39107,3.0,2021-05-30,3.0,0.0
1893,OH,Mercer,39107,3.0,2021-05-31,0.0,-3.0
1894,OH,Mercer,39107,3.0,2021-06-01,,
1895,OH,Mercer,39107,3.0,2021-06-02,,
1896,OH,Mercer,39107,3.0,2021-06-03,,
1897,OH,Miami,39109,6.0,2021-05-28,4.0,-2.0
1898,OH,Miami,39109,6.0,2021-05-29,9.0,3.0
1899,OH,Miami,39109,6.0,2021-05-30,3.0,-3.0
1900,OH,Miami,39109,6.0,2021-05-31,0.0,-6.0
1901,OH,Miami,39109,6.0,2021-06-01,,
1902,OH,Miami,39109,7.0,2021-06-02,,
1903,OH,Miami,39109,7.0,2021-06-03,,
1904,OH,Monroe,39111,1.0,2021-05-28,8.0,7.0
1905,OH,Monroe,39111,1.0,2021-05-29,1.0,0.0
1906,OH,Monroe,39111,1.0,2021-05-30,0.0,-1.0
1907,OH,Monroe,39111,1.0,2021-05-31,0.0,-1.0
1908,OH,Monroe,39111,2.0,2021-06-01,,
1909,OH,Monroe,39111,1.0,2021-06-02,,
1910,OH,Monroe,39111,1.0,2021-06-03,,
1911,OH,Montgomery,39113,40.0,2021-05-28,14.0,-26.0
1912,OH,Montgomery,39113,34.0,2021-05-29,45.0,11.0
1913,OH,Montgomery,39113,35.0,2021-05-30,15.0,-20.0
1914,OH,Montgomery,39113,35.0,2021-05-31,0.0,-35.0
1915,OH,Montgomery,39113,37.0,2021-06-01,,
1916,OH,Montgomery,39113,42.0,2021-06-02,,
1917,OH,Montgomery,39113,37.0,2021-06-03,,
1918,OH,Morgan,39115,1.0,2021-05-28,0.0,-1.0
1919,OH,Morgan,39115,0.0,2021-05-29,1.0,1.0
1920,OH,Morgan,39115,0.0,2021-05-30,0.0,0.0
1921,OH,Morgan,39115,0.0,2021-05-31,0.0,0.0
1922,OH,Morgan,39115,0.0,2021-06-01,,
1923,OH,Morgan,39115,0.0,2021-06-02,,
1924,OH,Morgan,39115,0.0,2021-06-03,,
1925,OH,Morrow,39117,2.0,2021-05-28,1.0,-1.0
1926,OH,Morrow,39117,3.0,2021-05-29,0.0,-3.0
1927,OH,Morrow,39117,3.0,2021-05-30,2.0,-1.0
1928,OH,Morrow,39117,3.0,2021-05-31,0.0,-3.0
1929,OH,Morrow,39117,3.0,2021-06-01,,
1930,OH,Morrow,39117,2.0,2021-06-02,,
1931,OH,Morrow,39117,4.0,2021-06-03,,
1932,OH,Muskingum,39119,4.0,2021-05-28,4.0,0.0
1933,OH,Muskingum,39119,4.0,2021-05-29,2.0,-2.0
1934,OH,Muskingum,39119,5.0,2021-05-30,0.0,-5.0
1935,OH,Muskingum,39119,5.0,2021-05-31,0.0,-5.0
1936,OH,Muskingum,39119,4.0,2021-06-01,,
1937,OH,Muskingum,39119,4.0,2021-06-02,,
1938,OH,Muskingum,39119,4.0,2021-06-03,,
1939,OH,Noble,39121,1.0,2021-05-28,0.0,-1.0
1940,OH,Noble,39121,1.0,2021-05-29,0.0,-1.0
1941,OH,Noble,39121,1.0,2021-05-30,0.0,-1.0
1942,OH,Noble,39121,1.0,2021-05-31,0.0,-1.0
1943,OH,Noble,39121,1.0,2021-06-01,,
1944,OH,Noble,39121,1.0,2021-06-02,,
1945,OH,Noble,39121,1.0,2021-06-03,,
1946,OH,Ottawa,39123,3.0,2021-05-28,1.0,-2.0
1947,OH,Ottawa,39123,3.0,2021-05-29,0.0,-3.0
1948,OH,Ottawa,39123,3.0,2021-05-30,0.0,-3.0
1949,OH,Ottawa,39123,3.0,2021-05-31,0.0,-3.0
1950,OH,Ottawa,39123,3.0,2021-06-01,,
1951,OH,Ottawa,39123,3.0,2021-06-02,,
1952,OH,Ottawa,39123,3.0,2021-06-03,,
1953,OH,Paulding,39125,2.0,2021-05-28,2.0,0.0
1954,OH,Paulding,39125,2.0,2021-05-29,0.0,-2.0
1955,OH,Paulding,39125,2.0,2021-05-30,0.0,-2.0
1956,OH,Paulding,39125,2.0,2021-05-31,0.0,-2.0
1957,OH,Paulding,39125,1.0,2021-06-01,,
1958,OH,Paulding,39125,2.0,2021-06-02,,
1959,OH,Paulding,39125,2.0,2021-06-03,,
1960,OH,Perry,39127,1.0,2021-05-28,0.0,-1.0
1961,OH,Perry,39127,1.0,2021-05-29,0.0,-1.0
1962,OH,Perry,39127,1.0,2021-05-30,2.0,1.0
1963,OH,Perry,39127,1.0,2021-05-31,0.0,-1.0
1964,OH,Perry,39127,1.0,2021-06-01,,
1965,OH,Perry,39127,1.0,2021-06-02,,
1966,OH,Perry,39127,1.0,2021-06-03,,
1967,OH,Pickaway,39129,3.0,2021-05-28,2.0,-1.0
1968,OH,Pickaway,39129,3.0,2021-05-29,2.0,-1.0
1969,OH,Pickaway,39129,4.0,2021-05-30,3.0,-1.0
1970,OH,Pickaway,39129,4.0,2021-05-31,0.0,-4.0
1971,OH,Pickaway,39129,4.0,2021-06-01,,
1972,OH,Pickaway,39129,4.0,2021-06-02,,
1973,OH,Pickaway,39129,4.0,2021-06-03,,
1974,OH,Pike,39131,2.0,2021-05-28,4.0,2.0
1975,OH,Pike,39131,2.0,2021-05-29,4.0,2.0
1976,OH,Pike,39131,2.0,2021-05-30,0.0,-2.0
1977,OH,Pike,39131,2.0,2021-05-31,0.0,-2.0
1978,OH,Pike,39131,2.0,2021-06-01,,
1979,OH,Pike,39131,2.0,2021-06-02,,
1980,OH,Pike,39131,2.0,2021-06-03,,
1981,OH,Portage,39133,16.0,2021-05-28,15.0,-1.0
1982,OH,Portage,39133,15.0,2021-05-29,12.0,-3.0
1983,OH,Portage,39133,16.0,2021-05-30,8.0,-8.0
1984,OH,Portage,39133,15.0,2021-05-31,0.0,-15.0
1985,OH,Portage,39133,15.0,2021-06-01,,
1986,OH,Portage,39133,18.0,2021-06-02,,
1987,OH,Portage,39133,15.0,2021-06-03,,
1988,OH,Preble,39135,3.0,2021-05-28,1.0,-2.0
1989,OH,Preble,39135,3.0,2021-05-29,-1.0,-4.0
1990,OH,Preble,39135,3.0,2021-05-30,0.0,-3.0
1991,OH,Preble,39135,3.0,2021-05-31,0.0,-3.0
1992,OH,Preble,39135,3.0,2021-06-01,,
1993,OH,Preble,39135,3.0,2021-06-02,,
1994,OH,Preble,39135,3.0,2021-06-03,,
1995,OH,Putnam,39137,4.0,2021-05-28,1.0,-3.0
1996,OH,Putnam,39137,4.0,2021-05-29,2.0,-2.0
1997,OH,Putnam,39137,3.0,2021-05-30,1.0,-2.0
1998,OH,Putnam,39137,3.0,2021-05-31,0.0,-3.0
1999,OH,Putnam,39137,3.0,2021-06-01,,
2000,OH,Putnam,39137,4.0,2021-06-02,,
2001,OH,Putnam,39137,3.0,2021-06-03,,
2002,OH,Richland,39139,10.0,2021-05-28,4.0,-6.0
2003,OH,Richland,39139,10.0,2021-05-29,3.0,-7.0
2004,OH,Richland,39139,11.0,2021-05-30,5.0,-6.0
2005,OH,Richland,39139,10.0,2021-05-31,0.0,-10.0
2006,OH,Richland,39139,10.0,2021-06-01,,
2007,OH,Richland,39139,10.0,2021-06-02,,
2008,OH,Richland,39139,10.0,2021-06-03,,
2009,OH,Ross,39141,5.0,2021-05-28,10.0,5.0
2010,OH,Ross,39141,5.0,2021-05-29,1.0,-4.0
2011,OH,Ross,39141,5.0,2021-05-30,0.0,-5.0
2012,OH,Ross,39141,5.0,2021-05-31,0.0,-5.0
2013,OH,Ross,39141,5.0,2021-06-01,,
2014,OH,Ross,39141,4.0,2021-06-02,,
2015,OH,Ross,39141,4.0,2021-06-03,,
2016,OH,Sandusky,39143,5.0,2021-05-28,3.0,-2.0
2017,OH,Sandusky,39143,5.0,2021-05-29,0.0,-5.0
2018,OH,Sandusky,39143,5.0,2021-05-30,2.0,-3.0
2019,OH,Sandusky,39143,4.0,2021-05-31,0.0,-4.0
2020,OH,Sandusky,39143,5.0,2021-06-01,,
2021,OH,Sandusky,39143,5.0,2021-06-02,,
2022,OH,Sandusky,39143,5.0,2021-06-03,,
2023,OH,Scioto,39145,5.0,2021-05-28,3.0,-2.0
2024,OH,Scioto,39145,5.0,2021-05-29,3.0,-2.0
2025,OH,Scioto,39145,5.0,2021-05-30,0.0,-5.0
2026,OH,Scioto,39145,5.0,2021-05-31,0.0,-5.0
2027,OH,Scioto,39145,5.0,2021-06-01,,
2028,OH,Scioto,39145,5.0,2021-06-02,,
2029,OH,Scioto,39145,5.0,2021-06-03,,
2030,OH,Seneca,39147,3.0,2021-05-28,1.0,-2.0
2031,OH,Seneca,39147,3.0,2021-05-29,0.0,-3.0
2032,OH,Seneca,39147,3.0,2021-05-30,0.0,-3.0
2033,OH,Seneca,39147,3.0,2021-05-31,0.0,-3.0
2034,OH,Seneca,39147,3.0,2021-06-01,,
2035,OH,Seneca,39147,4.0,2021-06-02,,
2036,OH,Seneca,39147,3.0,2021-06-03,,
2037,OH,Shelby,39149,4.0,2021-05-28,1.0,-3.0
2038,OH,Shelby,39149,4.0,2021-05-29,2.0,-2.0
2039,OH,Shelby,39149,3.0,2021-05-30,1.0,-2.0
2040,OH,Shelby,39149,4.0,2021-05-31,0.0,-4.0
2041,OH,Shelby,39149,4.0,2021-06-01,,
2042,OH,Shelby,39149,4.0,2021-06-02,,
2043,OH,Shelby,39149,3.0,2021-06-03,,
2044,OH,Stark,39151,41.0,2021-05-28,29.0,-12.0
2045,OH,Stark,39151,40.0,2021-05-29,16.0,-24.0
2046,OH,Stark,39151,41.0,2021-05-30,18.0,-23.0
2047,OH,Stark,39151,34.0,2021-05-31,0.0,-34.0
2048,OH,Stark,39151,31.0,2021-06-01,,
2049,OH,Stark,39151,34.0,2021-06-02,,
2050,OH,Stark,39151,29.0,2021-06-03,,
2051,OH,Summit,39153,49.0,2021-05-28,26.0,-23.0
2052,OH,Summit,39153,47.0,2021-05-29,24.0,-23.0
2053,OH,Summit,39153,46.0,2021-05-30,26.0,-20.0
2054,OH,Summit,39153,42.0,2021-05-31,0.0,-42.0
2055,OH,Summit,39153,37.0,2021-06-01,,
2056,OH,Summit,39153,41.0,2021-06-02,,
2057,OH,Summit,39153,36.0,2021-06-03,,
2058,OH,Trumbull,39155,19.0,2021-05-28,21.0,2.0
2059,OH,Trumbull,39155,19.0,2021-05-29,12.0,-7.0
2060,OH,Trumbull,39155,19.0,2021-05-30,1.0,-18.0
2061,OH,Trumbull,39155,17.0,2021-05-31,0.0,-17.0
2062,OH,Trumbull,39155,15.0,2021-06-01,,
2063,OH,Trumbull,39155,15.0,2021-06-02,,
2064,OH,Trumbull,39155,13.0,2021-06-03,,
2065,OH,Tuscarawas,39157,5.0,2021-05-28,6.0,1.0
2066,OH,Tuscarawas,39157,5.0,2021-05-29,2.0,-3.0
2067,OH,Tuscarawas,39157,5.0,2021-05-30,4.0,-1.0
2068,OH,Tuscarawas,39157,5.0,2021-05-31,0.0,-5.0
2069,OH,Tuscarawas,39157,5.0,2021-06-01,,
2070,OH,Tuscarawas,39157,5.0,2021-06-02,,
2071,OH,Tuscarawas,39157,5.0,2021-06-03,,
2072,OH,Union,39159,7.0,2021-05-28,2.0,-5.0
2073,OH,Union,39159,6.0,2021-05-29,2.0,-4.0
2074,OH,Union,39159,6.0,2021-05-30,1.0,-5.0
2075,OH,Union,39159,6.0,2021-05-31,0.0,-6.0
2076,OH,Union,39159,6.0,2021-06-01,,
2077,OH,Union,39159,6.0,2021-06-02,,
2078,OH,Union,39159,7.0,2021-06-03,,
2079,OH,Van Wert,39161,2.0,2021-05-28,0.0,-2.0
2080,OH,Van Wert,39161,2.0,2021-05-29,3.0,1.0
2081,OH,Van Wert,39161,2.0,2021-05-30,0.0,-2.0
2082,OH,Van Wert,39161,2.0,2021-05-31,0.0,-2.0
2083,OH,Van Wert,39161,2.0,2021-06-01,,
2084,OH,Van Wert,39161,2.0,2021-06-02,,
2085,OH,Van Wert,39161,2.0,2021-06-03,,
2086,OH,Vinton,39163,1.0,2021-05-28,-1.0,-2.0
2087,OH,Vinton,39163,1.0,2021-05-29,1.0,0.0
2088,OH,Vinton,39163,1.0,2021-05-30,0.0,-1.0
2089,OH,Vinton,39163,2.0,2021-05-31,0.0,-2.0
2090,OH,Vinton,39163,2.0,2021-06-01,,
2091,OH,Vinton,39163,2.0,2021-06-02,,
2092,OH,Vinton,39163,2.0,2021-06-03,,
2093,OH,Warren,39165,14.0,2021-05-28,0.0,-14.0
2094,OH,Warren,39165,14.0,2021-05-29,7.0,-7.0
2095,OH,Warren,39165,14.0,2021-05-30,6.0,-8.0
2096,OH,Warren,39165,14.0,2021-05-31,0.0,-14.0
2097,OH,Warren,39165,14.0,2021-06-01,,
2098,OH,Warren,39165,13.0,2021-06-02,,
2099,OH,Warren,39165,13.0,2021-06-03,,
2100,OH,Washington,39167,5.0,2021-05-28,2.0,-3.0
2101,OH,Washington,39167,4.0,2021-05-29,2.0,-2.0
2102,OH,Washington,39167,5.0,2021-05-30,3.0,-2.0
2103,OH,Washington,39167,5.0,2021-05-31,0.0,-5.0
2104,OH,Washington,39167,5.0,2021-06-01,,
2105,OH,Washington,39167,4.0,2021-06-02,,
2106,OH,Washington,39167,5.0,2021-06-03,,
2107,OH,Wayne,39169,14.0,2021-05-28,7.0,-7.0
2108,OH,Wayne,39169,13.0,2021-05-29,3.0,-10.0
2109,OH,Wayne,39169,13.0,2021-05-30,5.0,-8.0
2110,OH,Wayne,39169,12.0,2021-05-31,0.0,-12.0
2111,OH,Wayne,39169,13.0,2021-06-01,,
2112,OH,Wayne,39169,12.0,2021-06-02,,
2113,OH,Wayne,39169,12.0,2021-06-03,,
2114,OH,Williams,39171,4.0,2021-05-28,2.0,-2.0
2115,OH,Williams,39171,3.0,2021-05-29,2.0,-1.0
2116,OH,Williams,39171,3.0,2021-05-30,0.0,-3.0
2117,OH,Williams,39171,3.0,2021-05-31,0.0,-3.0
2118,OH,Williams,39171,3.0,2021-06-01,,
2119,OH,Williams,39171,4.0,2021-06-02,,
2120,OH,Williams,39171,3.0,2021-06-03,,
2121,OH,Wood,39173,9.0,2021-05-28,4.0,-5.0
2122,OH,Wood,39173,9.0,2021-05-29,2.0,-7.0
2123,OH,Wood,39173,9.0,2021-05-30,1.0,-8.0
2124,OH,Wood,39173,9.0,2021-05-31,0.0,-9.0
2125,OH,Wood,39173,8.0,2021-06-01,,
2126,OH,Wood,39173,9.0,2021-06-02,,
2127,OH,Wood,39173,9.0,2021-06-03,,
2128,OH,Wyandot,39175,2.0,2021-05-28,1.0,-1.0
2129,OH,Wyandot,39175,2.0,2021-05-29,2.0,0.0
2130,OH,Wyandot,39175,2.0,2021-05-30,0.0,-2.0
2131,OH,Wyandot,39175,2.0,2021-05-31,0.0,-2.0
2132,OH,Wyandot,39175,2.0,2021-06-01,,
2133,OH,Wyandot,39175,2.0,2021-06-02,,
2134,OH,Wyandot,39175,2.0,2021-06-03,,
